#
# TABLE STRUCTURE FOR: communities
#

DROP TABLE IF EXISTS `communities`;

CREATE TABLE `communities` (
  `id` int(10) unsigned NOT NULL AUTO_INCREMENT,
  `name` varchar(150) COLLATE utf8_unicode_ci NOT NULL,
  PRIMARY KEY (`id`),
  UNIQUE KEY `name` (`name`)
) ENGINE=InnoDB AUTO_INCREMENT=6 DEFAULT CHARSET=utf8 COLLATE=utf8_unicode_ci;

INSERT INTO `communities` (`id`, `name`) VALUES (5, 'avto');
INSERT INTO `communities` (`id`, `name`) VALUES (1, 'book');
INSERT INTO `communities` (`id`, `name`) VALUES (3, 'fly');
INSERT INTO `communities` (`id`, `name`) VALUES (2, 'food');
INSERT INTO `communities` (`id`, `name`) VALUES (4, 'travel');


#
# TABLE STRUCTURE FOR: communities_users
#

DROP TABLE IF EXISTS `communities_users`;

CREATE TABLE `communities_users` (
  `community_id` int(10) unsigned NOT NULL,
  `user_id` int(10) unsigned NOT NULL,
  `created_at` datetime DEFAULT current_timestamp(),
  PRIMARY KEY (`community_id`,`user_id`)
) ENGINE=InnoDB DEFAULT CHARSET=utf8 COLLATE=utf8_unicode_ci;

INSERT INTO `communities_users` (`community_id`, `user_id`, `created_at`) VALUES (1, 1, '2016-12-09 00:47:33');
INSERT INTO `communities_users` (`community_id`, `user_id`, `created_at`) VALUES (1, 6, '1985-01-22 09:37:37');
INSERT INTO `communities_users` (`community_id`, `user_id`, `created_at`) VALUES (1, 11, '1994-10-04 08:54:03');
INSERT INTO `communities_users` (`community_id`, `user_id`, `created_at`) VALUES (1, 16, '1981-03-06 03:29:14');
INSERT INTO `communities_users` (`community_id`, `user_id`, `created_at`) VALUES (1, 21, '2009-09-02 14:52:08');
INSERT INTO `communities_users` (`community_id`, `user_id`, `created_at`) VALUES (1, 26, '1999-04-02 16:34:04');
INSERT INTO `communities_users` (`community_id`, `user_id`, `created_at`) VALUES (1, 31, '1988-12-09 13:25:47');
INSERT INTO `communities_users` (`community_id`, `user_id`, `created_at`) VALUES (1, 36, '1972-10-22 02:58:25');
INSERT INTO `communities_users` (`community_id`, `user_id`, `created_at`) VALUES (1, 41, '1996-12-11 10:52:27');
INSERT INTO `communities_users` (`community_id`, `user_id`, `created_at`) VALUES (1, 46, '1989-07-14 17:00:40');
INSERT INTO `communities_users` (`community_id`, `user_id`, `created_at`) VALUES (1, 51, '1980-05-02 02:21:07');
INSERT INTO `communities_users` (`community_id`, `user_id`, `created_at`) VALUES (1, 56, '2005-10-22 13:04:55');
INSERT INTO `communities_users` (`community_id`, `user_id`, `created_at`) VALUES (1, 61, '1981-01-30 21:55:48');
INSERT INTO `communities_users` (`community_id`, `user_id`, `created_at`) VALUES (1, 66, '2010-09-01 05:26:26');
INSERT INTO `communities_users` (`community_id`, `user_id`, `created_at`) VALUES (1, 71, '1992-12-24 01:44:24');
INSERT INTO `communities_users` (`community_id`, `user_id`, `created_at`) VALUES (1, 76, '2013-12-02 06:10:10');
INSERT INTO `communities_users` (`community_id`, `user_id`, `created_at`) VALUES (1, 81, '1973-03-16 15:53:08');
INSERT INTO `communities_users` (`community_id`, `user_id`, `created_at`) VALUES (1, 86, '2016-12-22 17:02:48');
INSERT INTO `communities_users` (`community_id`, `user_id`, `created_at`) VALUES (1, 91, '1996-11-10 12:51:31');
INSERT INTO `communities_users` (`community_id`, `user_id`, `created_at`) VALUES (1, 96, '1990-10-12 00:47:54');
INSERT INTO `communities_users` (`community_id`, `user_id`, `created_at`) VALUES (2, 2, '2015-01-28 01:44:41');
INSERT INTO `communities_users` (`community_id`, `user_id`, `created_at`) VALUES (2, 7, '2001-07-01 16:23:36');
INSERT INTO `communities_users` (`community_id`, `user_id`, `created_at`) VALUES (2, 12, '2009-07-11 08:27:29');
INSERT INTO `communities_users` (`community_id`, `user_id`, `created_at`) VALUES (2, 17, '1973-12-19 17:45:54');
INSERT INTO `communities_users` (`community_id`, `user_id`, `created_at`) VALUES (2, 22, '1973-09-26 12:37:20');
INSERT INTO `communities_users` (`community_id`, `user_id`, `created_at`) VALUES (2, 27, '2009-11-06 09:30:19');
INSERT INTO `communities_users` (`community_id`, `user_id`, `created_at`) VALUES (2, 32, '2008-02-08 23:48:39');
INSERT INTO `communities_users` (`community_id`, `user_id`, `created_at`) VALUES (2, 37, '1996-03-26 01:58:59');
INSERT INTO `communities_users` (`community_id`, `user_id`, `created_at`) VALUES (2, 42, '1985-02-12 02:03:41');
INSERT INTO `communities_users` (`community_id`, `user_id`, `created_at`) VALUES (2, 47, '2000-01-21 13:59:33');
INSERT INTO `communities_users` (`community_id`, `user_id`, `created_at`) VALUES (2, 52, '1993-06-10 18:06:21');
INSERT INTO `communities_users` (`community_id`, `user_id`, `created_at`) VALUES (2, 57, '1982-03-16 09:33:41');
INSERT INTO `communities_users` (`community_id`, `user_id`, `created_at`) VALUES (2, 62, '2007-02-20 00:27:26');
INSERT INTO `communities_users` (`community_id`, `user_id`, `created_at`) VALUES (2, 67, '1981-12-22 09:41:39');
INSERT INTO `communities_users` (`community_id`, `user_id`, `created_at`) VALUES (2, 72, '1995-10-28 23:40:28');
INSERT INTO `communities_users` (`community_id`, `user_id`, `created_at`) VALUES (2, 77, '1970-02-12 04:17:12');
INSERT INTO `communities_users` (`community_id`, `user_id`, `created_at`) VALUES (2, 82, '1980-05-28 13:44:14');
INSERT INTO `communities_users` (`community_id`, `user_id`, `created_at`) VALUES (2, 87, '1995-12-14 04:19:35');
INSERT INTO `communities_users` (`community_id`, `user_id`, `created_at`) VALUES (2, 92, '2011-10-15 04:51:57');
INSERT INTO `communities_users` (`community_id`, `user_id`, `created_at`) VALUES (2, 97, '1987-03-14 20:49:04');
INSERT INTO `communities_users` (`community_id`, `user_id`, `created_at`) VALUES (3, 3, '1975-08-15 08:13:21');
INSERT INTO `communities_users` (`community_id`, `user_id`, `created_at`) VALUES (3, 8, '2018-06-15 21:12:25');
INSERT INTO `communities_users` (`community_id`, `user_id`, `created_at`) VALUES (3, 13, '1995-01-13 00:43:32');
INSERT INTO `communities_users` (`community_id`, `user_id`, `created_at`) VALUES (3, 18, '1980-01-30 22:38:46');
INSERT INTO `communities_users` (`community_id`, `user_id`, `created_at`) VALUES (3, 23, '2005-04-20 04:29:21');
INSERT INTO `communities_users` (`community_id`, `user_id`, `created_at`) VALUES (3, 28, '2006-07-01 03:15:21');
INSERT INTO `communities_users` (`community_id`, `user_id`, `created_at`) VALUES (3, 33, '2014-08-11 17:13:22');
INSERT INTO `communities_users` (`community_id`, `user_id`, `created_at`) VALUES (3, 38, '2019-04-25 01:35:28');
INSERT INTO `communities_users` (`community_id`, `user_id`, `created_at`) VALUES (3, 43, '1987-08-03 06:37:26');
INSERT INTO `communities_users` (`community_id`, `user_id`, `created_at`) VALUES (3, 48, '1976-09-30 08:06:17');
INSERT INTO `communities_users` (`community_id`, `user_id`, `created_at`) VALUES (3, 53, '2003-07-01 23:51:49');
INSERT INTO `communities_users` (`community_id`, `user_id`, `created_at`) VALUES (3, 58, '1986-12-08 21:56:43');
INSERT INTO `communities_users` (`community_id`, `user_id`, `created_at`) VALUES (3, 63, '2009-09-10 09:08:11');
INSERT INTO `communities_users` (`community_id`, `user_id`, `created_at`) VALUES (3, 68, '1998-03-15 09:13:22');
INSERT INTO `communities_users` (`community_id`, `user_id`, `created_at`) VALUES (3, 73, '2014-12-17 23:51:21');
INSERT INTO `communities_users` (`community_id`, `user_id`, `created_at`) VALUES (3, 78, '1994-01-25 06:11:34');
INSERT INTO `communities_users` (`community_id`, `user_id`, `created_at`) VALUES (3, 83, '1992-04-12 09:23:38');
INSERT INTO `communities_users` (`community_id`, `user_id`, `created_at`) VALUES (3, 88, '2016-03-25 12:55:25');
INSERT INTO `communities_users` (`community_id`, `user_id`, `created_at`) VALUES (3, 93, '1982-04-01 13:12:35');
INSERT INTO `communities_users` (`community_id`, `user_id`, `created_at`) VALUES (3, 98, '1980-08-05 06:12:16');
INSERT INTO `communities_users` (`community_id`, `user_id`, `created_at`) VALUES (4, 4, '2010-02-15 22:03:26');
INSERT INTO `communities_users` (`community_id`, `user_id`, `created_at`) VALUES (4, 9, '2011-11-05 10:09:12');
INSERT INTO `communities_users` (`community_id`, `user_id`, `created_at`) VALUES (4, 14, '2008-11-07 04:32:38');
INSERT INTO `communities_users` (`community_id`, `user_id`, `created_at`) VALUES (4, 19, '2012-10-05 00:20:41');
INSERT INTO `communities_users` (`community_id`, `user_id`, `created_at`) VALUES (4, 24, '1988-07-19 19:05:17');
INSERT INTO `communities_users` (`community_id`, `user_id`, `created_at`) VALUES (4, 29, '1979-06-08 05:57:43');
INSERT INTO `communities_users` (`community_id`, `user_id`, `created_at`) VALUES (4, 34, '1984-01-26 19:28:14');
INSERT INTO `communities_users` (`community_id`, `user_id`, `created_at`) VALUES (4, 39, '2007-11-24 07:10:41');
INSERT INTO `communities_users` (`community_id`, `user_id`, `created_at`) VALUES (4, 44, '2012-06-03 12:13:17');
INSERT INTO `communities_users` (`community_id`, `user_id`, `created_at`) VALUES (4, 49, '1997-11-23 07:58:38');
INSERT INTO `communities_users` (`community_id`, `user_id`, `created_at`) VALUES (4, 54, '2019-06-02 11:12:23');
INSERT INTO `communities_users` (`community_id`, `user_id`, `created_at`) VALUES (4, 59, '1999-05-03 16:15:39');
INSERT INTO `communities_users` (`community_id`, `user_id`, `created_at`) VALUES (4, 64, '2016-10-11 06:32:13');
INSERT INTO `communities_users` (`community_id`, `user_id`, `created_at`) VALUES (4, 69, '2013-07-28 02:15:40');
INSERT INTO `communities_users` (`community_id`, `user_id`, `created_at`) VALUES (4, 74, '2017-07-24 11:51:07');
INSERT INTO `communities_users` (`community_id`, `user_id`, `created_at`) VALUES (4, 79, '1976-03-27 01:54:57');
INSERT INTO `communities_users` (`community_id`, `user_id`, `created_at`) VALUES (4, 84, '1994-09-08 02:12:13');
INSERT INTO `communities_users` (`community_id`, `user_id`, `created_at`) VALUES (4, 89, '1986-11-06 21:21:15');
INSERT INTO `communities_users` (`community_id`, `user_id`, `created_at`) VALUES (4, 94, '1996-10-20 00:17:46');
INSERT INTO `communities_users` (`community_id`, `user_id`, `created_at`) VALUES (4, 99, '2004-12-29 12:45:53');
INSERT INTO `communities_users` (`community_id`, `user_id`, `created_at`) VALUES (5, 5, '1999-07-23 15:58:34');
INSERT INTO `communities_users` (`community_id`, `user_id`, `created_at`) VALUES (5, 10, '1974-02-14 19:22:19');
INSERT INTO `communities_users` (`community_id`, `user_id`, `created_at`) VALUES (5, 15, '1984-10-01 05:38:46');
INSERT INTO `communities_users` (`community_id`, `user_id`, `created_at`) VALUES (5, 20, '1986-11-21 04:05:25');
INSERT INTO `communities_users` (`community_id`, `user_id`, `created_at`) VALUES (5, 25, '1976-09-04 08:18:10');
INSERT INTO `communities_users` (`community_id`, `user_id`, `created_at`) VALUES (5, 30, '1979-12-02 08:01:49');
INSERT INTO `communities_users` (`community_id`, `user_id`, `created_at`) VALUES (5, 35, '2010-08-05 17:45:05');
INSERT INTO `communities_users` (`community_id`, `user_id`, `created_at`) VALUES (5, 40, '2018-11-29 11:55:27');
INSERT INTO `communities_users` (`community_id`, `user_id`, `created_at`) VALUES (5, 45, '2012-09-11 11:38:59');
INSERT INTO `communities_users` (`community_id`, `user_id`, `created_at`) VALUES (5, 50, '2002-03-14 13:51:08');
INSERT INTO `communities_users` (`community_id`, `user_id`, `created_at`) VALUES (5, 55, '1978-12-18 13:19:12');
INSERT INTO `communities_users` (`community_id`, `user_id`, `created_at`) VALUES (5, 60, '1983-07-15 03:44:28');
INSERT INTO `communities_users` (`community_id`, `user_id`, `created_at`) VALUES (5, 65, '2019-04-05 10:13:26');
INSERT INTO `communities_users` (`community_id`, `user_id`, `created_at`) VALUES (5, 70, '1992-01-24 21:03:42');
INSERT INTO `communities_users` (`community_id`, `user_id`, `created_at`) VALUES (5, 75, '1982-05-05 11:16:41');
INSERT INTO `communities_users` (`community_id`, `user_id`, `created_at`) VALUES (5, 80, '1997-11-11 17:56:59');
INSERT INTO `communities_users` (`community_id`, `user_id`, `created_at`) VALUES (5, 85, '2012-12-17 00:35:39');
INSERT INTO `communities_users` (`community_id`, `user_id`, `created_at`) VALUES (5, 90, '1984-02-02 14:55:38');
INSERT INTO `communities_users` (`community_id`, `user_id`, `created_at`) VALUES (5, 95, '2005-09-12 11:48:52');
INSERT INTO `communities_users` (`community_id`, `user_id`, `created_at`) VALUES (5, 100, '2007-07-30 12:28:22');


#
# TABLE STRUCTURE FOR: emoji
#

DROP TABLE IF EXISTS `emoji`;

CREATE TABLE `emoji` (
  `id` int(10) unsigned NOT NULL AUTO_INCREMENT,
  `name` varchar(150) COLLATE utf8_unicode_ci NOT NULL,
  `file` mediumblob NOT NULL,
  PRIMARY KEY (`id`),
  UNIQUE KEY `name` (`name`)
) ENGINE=InnoDB AUTO_INCREMENT=11 DEFAULT CHARSET=utf8 COLLATE=utf8_unicode_ci;

INSERT INTO `emoji` (`id`, `name`, `file`) VALUES (1, 'omnis', '');
INSERT INTO `emoji` (`id`, `name`, `file`) VALUES (2, 'ea', '');
INSERT INTO `emoji` (`id`, `name`, `file`) VALUES (3, 'atque', '');
INSERT INTO `emoji` (`id`, `name`, `file`) VALUES (4, 'qui', '');
INSERT INTO `emoji` (`id`, `name`, `file`) VALUES (5, 'rerum', '');
INSERT INTO `emoji` (`id`, `name`, `file`) VALUES (6, 'beatae', '');
INSERT INTO `emoji` (`id`, `name`, `file`) VALUES (7, 'soluta', '');
INSERT INTO `emoji` (`id`, `name`, `file`) VALUES (8, 'alias', '');
INSERT INTO `emoji` (`id`, `name`, `file`) VALUES (9, 'reiciendis', '');
INSERT INTO `emoji` (`id`, `name`, `file`) VALUES (10, 'sequi', '');


#
# TABLE STRUCTURE FOR: friendship
#

DROP TABLE IF EXISTS `friendship`;

CREATE TABLE `friendship` (
  `user_id` int(10) unsigned NOT NULL,
  `friend_id` int(10) unsigned NOT NULL,
  `status_id` int(10) unsigned NOT NULL,
  `requested_at` datetime DEFAULT current_timestamp(),
  `confirmed_at` datetime DEFAULT NULL,
  PRIMARY KEY (`user_id`,`friend_id`)
) ENGINE=InnoDB DEFAULT CHARSET=utf8 COLLATE=utf8_unicode_ci;

INSERT INTO `friendship` (`user_id`, `friend_id`, `status_id`, `requested_at`, `confirmed_at`) VALUES (1, 1, 1, '1978-05-27 14:05:37', '2019-06-17 06:55:39');
INSERT INTO `friendship` (`user_id`, `friend_id`, `status_id`, `requested_at`, `confirmed_at`) VALUES (2, 2, 2, '2009-12-08 01:10:04', '2019-06-14 21:06:47');
INSERT INTO `friendship` (`user_id`, `friend_id`, `status_id`, `requested_at`, `confirmed_at`) VALUES (3, 3, 1, '1980-02-12 19:41:15', '1995-04-26 03:00:38');
INSERT INTO `friendship` (`user_id`, `friend_id`, `status_id`, `requested_at`, `confirmed_at`) VALUES (4, 4, 2, '1981-08-14 11:27:41', '2002-11-30 12:20:20');
INSERT INTO `friendship` (`user_id`, `friend_id`, `status_id`, `requested_at`, `confirmed_at`) VALUES (5, 5, 1, '1987-08-04 14:10:05', '1999-09-24 18:40:53');
INSERT INTO `friendship` (`user_id`, `friend_id`, `status_id`, `requested_at`, `confirmed_at`) VALUES (6, 6, 2, '2010-08-24 08:56:19', '1974-07-31 08:20:48');
INSERT INTO `friendship` (`user_id`, `friend_id`, `status_id`, `requested_at`, `confirmed_at`) VALUES (7, 7, 1, '2007-10-31 23:07:51', '2006-07-05 14:27:28');
INSERT INTO `friendship` (`user_id`, `friend_id`, `status_id`, `requested_at`, `confirmed_at`) VALUES (8, 8, 2, '1980-02-18 11:37:34', '1993-06-05 04:57:05');
INSERT INTO `friendship` (`user_id`, `friend_id`, `status_id`, `requested_at`, `confirmed_at`) VALUES (9, 9, 1, '2011-08-21 02:01:17', '2007-10-05 03:07:09');
INSERT INTO `friendship` (`user_id`, `friend_id`, `status_id`, `requested_at`, `confirmed_at`) VALUES (10, 10, 2, '1977-10-25 09:21:07', '1994-05-02 07:29:58');
INSERT INTO `friendship` (`user_id`, `friend_id`, `status_id`, `requested_at`, `confirmed_at`) VALUES (11, 11, 1, '1975-05-15 04:24:48', '1994-12-29 15:16:17');
INSERT INTO `friendship` (`user_id`, `friend_id`, `status_id`, `requested_at`, `confirmed_at`) VALUES (12, 12, 2, '2002-03-17 13:43:24', '2017-12-30 20:58:05');
INSERT INTO `friendship` (`user_id`, `friend_id`, `status_id`, `requested_at`, `confirmed_at`) VALUES (13, 13, 1, '1982-07-11 06:13:40', '1983-02-18 12:23:33');
INSERT INTO `friendship` (`user_id`, `friend_id`, `status_id`, `requested_at`, `confirmed_at`) VALUES (14, 14, 2, '1996-08-23 15:24:43', '1995-11-23 18:52:00');
INSERT INTO `friendship` (`user_id`, `friend_id`, `status_id`, `requested_at`, `confirmed_at`) VALUES (15, 15, 1, '1987-11-16 23:12:58', '1994-12-11 01:59:42');
INSERT INTO `friendship` (`user_id`, `friend_id`, `status_id`, `requested_at`, `confirmed_at`) VALUES (16, 16, 2, '1983-03-15 22:26:08', '2018-10-16 00:22:03');
INSERT INTO `friendship` (`user_id`, `friend_id`, `status_id`, `requested_at`, `confirmed_at`) VALUES (17, 17, 1, '2013-09-24 02:26:24', '1987-11-01 11:56:55');
INSERT INTO `friendship` (`user_id`, `friend_id`, `status_id`, `requested_at`, `confirmed_at`) VALUES (18, 18, 2, '2005-11-17 13:01:21', '1973-10-27 07:22:07');
INSERT INTO `friendship` (`user_id`, `friend_id`, `status_id`, `requested_at`, `confirmed_at`) VALUES (19, 19, 1, '1977-06-22 20:50:43', '1982-03-02 14:48:21');
INSERT INTO `friendship` (`user_id`, `friend_id`, `status_id`, `requested_at`, `confirmed_at`) VALUES (20, 20, 2, '1994-06-30 10:55:26', '1984-02-03 06:36:44');
INSERT INTO `friendship` (`user_id`, `friend_id`, `status_id`, `requested_at`, `confirmed_at`) VALUES (21, 21, 1, '1987-09-05 22:27:56', '1982-05-03 17:19:43');
INSERT INTO `friendship` (`user_id`, `friend_id`, `status_id`, `requested_at`, `confirmed_at`) VALUES (22, 22, 2, '2003-06-27 01:35:06', '2003-11-25 00:29:46');
INSERT INTO `friendship` (`user_id`, `friend_id`, `status_id`, `requested_at`, `confirmed_at`) VALUES (23, 23, 1, '1976-03-02 05:41:14', '1993-06-22 18:31:35');
INSERT INTO `friendship` (`user_id`, `friend_id`, `status_id`, `requested_at`, `confirmed_at`) VALUES (24, 24, 2, '1975-03-08 04:31:28', '2017-06-24 01:45:30');
INSERT INTO `friendship` (`user_id`, `friend_id`, `status_id`, `requested_at`, `confirmed_at`) VALUES (25, 25, 1, '1984-08-06 21:47:38', '2003-08-03 20:07:20');
INSERT INTO `friendship` (`user_id`, `friend_id`, `status_id`, `requested_at`, `confirmed_at`) VALUES (26, 26, 2, '1992-11-10 01:49:11', '2017-10-01 13:53:20');
INSERT INTO `friendship` (`user_id`, `friend_id`, `status_id`, `requested_at`, `confirmed_at`) VALUES (27, 27, 1, '2006-10-08 19:20:53', '2002-11-04 07:27:38');
INSERT INTO `friendship` (`user_id`, `friend_id`, `status_id`, `requested_at`, `confirmed_at`) VALUES (28, 28, 2, '1984-01-14 12:49:27', '2005-01-04 13:17:24');
INSERT INTO `friendship` (`user_id`, `friend_id`, `status_id`, `requested_at`, `confirmed_at`) VALUES (29, 29, 1, '1982-04-09 20:52:48', '2002-11-03 14:58:56');
INSERT INTO `friendship` (`user_id`, `friend_id`, `status_id`, `requested_at`, `confirmed_at`) VALUES (30, 30, 2, '1986-06-19 05:19:23', '2006-10-16 20:06:48');
INSERT INTO `friendship` (`user_id`, `friend_id`, `status_id`, `requested_at`, `confirmed_at`) VALUES (31, 31, 1, '1980-08-08 13:02:45', '1998-06-20 17:50:08');
INSERT INTO `friendship` (`user_id`, `friend_id`, `status_id`, `requested_at`, `confirmed_at`) VALUES (32, 32, 2, '1989-03-09 03:53:32', '2007-08-01 15:14:28');
INSERT INTO `friendship` (`user_id`, `friend_id`, `status_id`, `requested_at`, `confirmed_at`) VALUES (33, 33, 1, '2007-07-10 01:24:44', '2016-12-02 09:57:34');
INSERT INTO `friendship` (`user_id`, `friend_id`, `status_id`, `requested_at`, `confirmed_at`) VALUES (34, 34, 2, '1983-06-27 02:11:44', '1979-11-04 19:32:10');
INSERT INTO `friendship` (`user_id`, `friend_id`, `status_id`, `requested_at`, `confirmed_at`) VALUES (35, 35, 1, '2001-04-10 14:16:26', '1997-07-28 04:25:47');
INSERT INTO `friendship` (`user_id`, `friend_id`, `status_id`, `requested_at`, `confirmed_at`) VALUES (36, 36, 2, '1978-05-02 12:27:50', '1980-03-23 20:21:20');
INSERT INTO `friendship` (`user_id`, `friend_id`, `status_id`, `requested_at`, `confirmed_at`) VALUES (37, 37, 1, '1996-11-04 18:49:57', '1994-04-27 05:05:40');
INSERT INTO `friendship` (`user_id`, `friend_id`, `status_id`, `requested_at`, `confirmed_at`) VALUES (38, 38, 2, '1987-04-18 20:53:36', '1978-01-28 14:00:57');
INSERT INTO `friendship` (`user_id`, `friend_id`, `status_id`, `requested_at`, `confirmed_at`) VALUES (39, 39, 1, '2004-01-06 13:11:25', '1989-05-21 01:40:29');
INSERT INTO `friendship` (`user_id`, `friend_id`, `status_id`, `requested_at`, `confirmed_at`) VALUES (40, 40, 2, '2009-11-23 21:55:56', '2009-05-02 12:22:08');
INSERT INTO `friendship` (`user_id`, `friend_id`, `status_id`, `requested_at`, `confirmed_at`) VALUES (41, 41, 1, '1999-06-21 17:23:06', '1975-02-08 14:52:45');
INSERT INTO `friendship` (`user_id`, `friend_id`, `status_id`, `requested_at`, `confirmed_at`) VALUES (42, 42, 2, '2001-08-02 11:40:28', '2008-05-27 06:02:36');
INSERT INTO `friendship` (`user_id`, `friend_id`, `status_id`, `requested_at`, `confirmed_at`) VALUES (43, 43, 1, '1979-02-19 16:59:46', '2003-06-02 02:31:19');
INSERT INTO `friendship` (`user_id`, `friend_id`, `status_id`, `requested_at`, `confirmed_at`) VALUES (44, 44, 2, '1990-02-26 23:57:58', '2011-06-04 00:05:22');
INSERT INTO `friendship` (`user_id`, `friend_id`, `status_id`, `requested_at`, `confirmed_at`) VALUES (45, 45, 1, '1975-11-24 05:04:01', '2010-06-05 02:51:37');
INSERT INTO `friendship` (`user_id`, `friend_id`, `status_id`, `requested_at`, `confirmed_at`) VALUES (46, 46, 2, '1983-09-17 01:00:13', '1998-12-20 06:16:05');
INSERT INTO `friendship` (`user_id`, `friend_id`, `status_id`, `requested_at`, `confirmed_at`) VALUES (47, 47, 1, '1987-06-11 08:04:05', '2010-07-06 22:31:08');
INSERT INTO `friendship` (`user_id`, `friend_id`, `status_id`, `requested_at`, `confirmed_at`) VALUES (48, 48, 2, '2012-07-21 07:55:59', '2003-03-24 17:21:19');
INSERT INTO `friendship` (`user_id`, `friend_id`, `status_id`, `requested_at`, `confirmed_at`) VALUES (49, 49, 1, '1996-01-24 06:16:49', '2019-04-02 04:00:29');
INSERT INTO `friendship` (`user_id`, `friend_id`, `status_id`, `requested_at`, `confirmed_at`) VALUES (50, 50, 2, '2006-07-01 22:38:29', '2008-10-27 15:46:55');
INSERT INTO `friendship` (`user_id`, `friend_id`, `status_id`, `requested_at`, `confirmed_at`) VALUES (51, 51, 1, '2006-05-21 14:51:00', '2011-03-13 01:24:27');
INSERT INTO `friendship` (`user_id`, `friend_id`, `status_id`, `requested_at`, `confirmed_at`) VALUES (52, 52, 2, '1981-02-27 07:24:02', '1971-08-26 05:43:48');
INSERT INTO `friendship` (`user_id`, `friend_id`, `status_id`, `requested_at`, `confirmed_at`) VALUES (53, 53, 1, '2000-10-24 00:34:19', '1974-07-16 13:31:21');
INSERT INTO `friendship` (`user_id`, `friend_id`, `status_id`, `requested_at`, `confirmed_at`) VALUES (54, 54, 2, '1971-03-11 17:30:10', '1974-08-16 18:02:34');
INSERT INTO `friendship` (`user_id`, `friend_id`, `status_id`, `requested_at`, `confirmed_at`) VALUES (55, 55, 1, '1983-08-09 17:15:04', '1977-03-12 22:46:19');
INSERT INTO `friendship` (`user_id`, `friend_id`, `status_id`, `requested_at`, `confirmed_at`) VALUES (56, 56, 2, '1978-12-21 00:01:45', '1973-05-05 06:37:54');
INSERT INTO `friendship` (`user_id`, `friend_id`, `status_id`, `requested_at`, `confirmed_at`) VALUES (57, 57, 1, '2003-06-16 18:48:15', '2012-08-05 20:47:36');
INSERT INTO `friendship` (`user_id`, `friend_id`, `status_id`, `requested_at`, `confirmed_at`) VALUES (58, 58, 2, '1970-08-10 09:11:59', '1972-10-15 08:22:42');
INSERT INTO `friendship` (`user_id`, `friend_id`, `status_id`, `requested_at`, `confirmed_at`) VALUES (59, 59, 1, '2012-07-13 07:52:03', '2008-06-22 06:14:25');
INSERT INTO `friendship` (`user_id`, `friend_id`, `status_id`, `requested_at`, `confirmed_at`) VALUES (60, 60, 2, '1991-04-11 18:50:35', '2011-02-12 21:46:36');
INSERT INTO `friendship` (`user_id`, `friend_id`, `status_id`, `requested_at`, `confirmed_at`) VALUES (61, 61, 1, '2014-07-01 21:09:57', '2013-03-21 09:02:28');
INSERT INTO `friendship` (`user_id`, `friend_id`, `status_id`, `requested_at`, `confirmed_at`) VALUES (62, 62, 2, '1976-03-27 20:55:39', '2001-05-28 11:34:58');
INSERT INTO `friendship` (`user_id`, `friend_id`, `status_id`, `requested_at`, `confirmed_at`) VALUES (63, 63, 1, '2000-08-03 00:33:05', '1983-01-08 03:34:21');
INSERT INTO `friendship` (`user_id`, `friend_id`, `status_id`, `requested_at`, `confirmed_at`) VALUES (64, 64, 2, '2006-07-13 08:51:40', '1991-11-24 07:54:01');
INSERT INTO `friendship` (`user_id`, `friend_id`, `status_id`, `requested_at`, `confirmed_at`) VALUES (65, 65, 1, '1979-07-02 00:03:42', '1972-08-14 08:33:32');
INSERT INTO `friendship` (`user_id`, `friend_id`, `status_id`, `requested_at`, `confirmed_at`) VALUES (66, 66, 2, '1983-10-03 20:46:16', '1980-10-18 23:58:21');
INSERT INTO `friendship` (`user_id`, `friend_id`, `status_id`, `requested_at`, `confirmed_at`) VALUES (67, 67, 1, '1978-01-28 19:35:28', '1972-08-13 04:36:05');
INSERT INTO `friendship` (`user_id`, `friend_id`, `status_id`, `requested_at`, `confirmed_at`) VALUES (68, 68, 2, '1976-01-29 15:10:13', '1976-06-11 23:52:42');
INSERT INTO `friendship` (`user_id`, `friend_id`, `status_id`, `requested_at`, `confirmed_at`) VALUES (69, 69, 1, '2017-02-11 02:25:47', '2014-09-25 01:44:38');
INSERT INTO `friendship` (`user_id`, `friend_id`, `status_id`, `requested_at`, `confirmed_at`) VALUES (70, 70, 2, '1977-11-29 08:40:42', '2005-03-28 21:02:46');
INSERT INTO `friendship` (`user_id`, `friend_id`, `status_id`, `requested_at`, `confirmed_at`) VALUES (71, 71, 1, '2002-01-12 10:48:06', '2002-11-26 22:27:51');
INSERT INTO `friendship` (`user_id`, `friend_id`, `status_id`, `requested_at`, `confirmed_at`) VALUES (72, 72, 2, '2004-08-18 08:50:13', '1972-12-19 13:46:31');
INSERT INTO `friendship` (`user_id`, `friend_id`, `status_id`, `requested_at`, `confirmed_at`) VALUES (73, 73, 1, '1991-12-14 07:55:13', '1996-07-24 04:22:34');
INSERT INTO `friendship` (`user_id`, `friend_id`, `status_id`, `requested_at`, `confirmed_at`) VALUES (74, 74, 2, '1997-04-29 05:23:03', '1994-01-15 09:47:30');
INSERT INTO `friendship` (`user_id`, `friend_id`, `status_id`, `requested_at`, `confirmed_at`) VALUES (75, 75, 1, '1996-02-10 22:28:43', '1976-04-22 23:12:52');
INSERT INTO `friendship` (`user_id`, `friend_id`, `status_id`, `requested_at`, `confirmed_at`) VALUES (76, 76, 2, '2016-07-08 11:54:15', '2010-04-07 18:42:38');
INSERT INTO `friendship` (`user_id`, `friend_id`, `status_id`, `requested_at`, `confirmed_at`) VALUES (77, 77, 1, '1978-08-14 11:38:52', '2016-01-18 01:04:40');
INSERT INTO `friendship` (`user_id`, `friend_id`, `status_id`, `requested_at`, `confirmed_at`) VALUES (78, 78, 2, '1975-09-30 04:44:28', '2018-06-24 22:23:04');
INSERT INTO `friendship` (`user_id`, `friend_id`, `status_id`, `requested_at`, `confirmed_at`) VALUES (79, 79, 1, '1981-01-09 18:14:35', '1990-11-05 13:23:17');
INSERT INTO `friendship` (`user_id`, `friend_id`, `status_id`, `requested_at`, `confirmed_at`) VALUES (80, 80, 2, '1985-07-29 11:13:20', '1990-12-31 19:54:38');
INSERT INTO `friendship` (`user_id`, `friend_id`, `status_id`, `requested_at`, `confirmed_at`) VALUES (81, 81, 1, '2016-04-28 00:19:46', '2008-03-29 03:09:44');
INSERT INTO `friendship` (`user_id`, `friend_id`, `status_id`, `requested_at`, `confirmed_at`) VALUES (82, 82, 2, '2013-10-23 17:39:07', '1979-07-21 23:26:19');
INSERT INTO `friendship` (`user_id`, `friend_id`, `status_id`, `requested_at`, `confirmed_at`) VALUES (83, 83, 1, '1997-11-30 15:29:05', '2013-03-12 06:02:59');
INSERT INTO `friendship` (`user_id`, `friend_id`, `status_id`, `requested_at`, `confirmed_at`) VALUES (84, 84, 2, '2011-06-06 02:35:47', '1989-01-12 13:05:15');
INSERT INTO `friendship` (`user_id`, `friend_id`, `status_id`, `requested_at`, `confirmed_at`) VALUES (85, 85, 1, '1996-12-17 02:05:05', '2002-10-20 03:34:49');
INSERT INTO `friendship` (`user_id`, `friend_id`, `status_id`, `requested_at`, `confirmed_at`) VALUES (86, 86, 2, '1996-05-18 00:34:15', '1972-02-22 16:35:23');
INSERT INTO `friendship` (`user_id`, `friend_id`, `status_id`, `requested_at`, `confirmed_at`) VALUES (87, 87, 1, '1997-09-10 19:26:13', '1977-11-12 16:54:36');
INSERT INTO `friendship` (`user_id`, `friend_id`, `status_id`, `requested_at`, `confirmed_at`) VALUES (88, 88, 2, '1971-12-22 16:52:06', '1983-03-11 12:51:56');
INSERT INTO `friendship` (`user_id`, `friend_id`, `status_id`, `requested_at`, `confirmed_at`) VALUES (89, 89, 1, '1986-04-05 13:00:38', '1990-04-04 08:21:26');
INSERT INTO `friendship` (`user_id`, `friend_id`, `status_id`, `requested_at`, `confirmed_at`) VALUES (90, 90, 2, '1970-03-25 22:22:18', '1981-03-31 23:06:16');
INSERT INTO `friendship` (`user_id`, `friend_id`, `status_id`, `requested_at`, `confirmed_at`) VALUES (91, 91, 1, '2015-01-31 03:49:48', '1987-12-31 09:06:45');
INSERT INTO `friendship` (`user_id`, `friend_id`, `status_id`, `requested_at`, `confirmed_at`) VALUES (92, 92, 2, '2004-07-26 14:51:53', '1991-10-29 22:20:07');
INSERT INTO `friendship` (`user_id`, `friend_id`, `status_id`, `requested_at`, `confirmed_at`) VALUES (93, 93, 1, '1972-08-02 20:11:58', '1986-01-15 08:44:12');
INSERT INTO `friendship` (`user_id`, `friend_id`, `status_id`, `requested_at`, `confirmed_at`) VALUES (94, 94, 2, '1999-12-09 07:21:27', '1982-12-26 07:59:18');
INSERT INTO `friendship` (`user_id`, `friend_id`, `status_id`, `requested_at`, `confirmed_at`) VALUES (95, 95, 1, '1995-12-23 06:01:27', '2016-09-08 02:50:36');
INSERT INTO `friendship` (`user_id`, `friend_id`, `status_id`, `requested_at`, `confirmed_at`) VALUES (96, 96, 2, '1976-10-09 23:06:50', '1977-11-07 23:27:18');
INSERT INTO `friendship` (`user_id`, `friend_id`, `status_id`, `requested_at`, `confirmed_at`) VALUES (97, 97, 1, '1975-05-01 06:11:52', '2001-08-21 23:53:00');
INSERT INTO `friendship` (`user_id`, `friend_id`, `status_id`, `requested_at`, `confirmed_at`) VALUES (98, 98, 2, '1982-12-10 01:49:52', '2002-04-26 21:26:18');
INSERT INTO `friendship` (`user_id`, `friend_id`, `status_id`, `requested_at`, `confirmed_at`) VALUES (99, 99, 1, '2007-06-09 15:09:05', '1998-06-06 20:24:23');
INSERT INTO `friendship` (`user_id`, `friend_id`, `status_id`, `requested_at`, `confirmed_at`) VALUES (100, 100, 2, '1988-01-31 01:01:19', '1993-01-18 05:31:26');


#
# TABLE STRUCTURE FOR: friendship_statuses
#

DROP TABLE IF EXISTS `friendship_statuses`;

CREATE TABLE `friendship_statuses` (
  `id` int(10) unsigned NOT NULL AUTO_INCREMENT,
  `name` varchar(150) COLLATE utf8_unicode_ci NOT NULL,
  PRIMARY KEY (`id`),
  UNIQUE KEY `name` (`name`)
) ENGINE=InnoDB AUTO_INCREMENT=3 DEFAULT CHARSET=utf8 COLLATE=utf8_unicode_ci;

INSERT INTO `friendship_statuses` (`id`, `name`) VALUES (2, 'frends');
INSERT INTO `friendship_statuses` (`id`, `name`) VALUES (1, 'no frends');


#
# TABLE STRUCTURE FOR: likes
#

DROP TABLE IF EXISTS `likes`;

CREATE TABLE `likes` (
  `id` int(10) unsigned NOT NULL AUTO_INCREMENT,
  `user_id` int(10) unsigned NOT NULL,
  `target_id` int(10) unsigned NOT NULL,
  `target_type_id` int(10) unsigned NOT NULL,
  `created_at` datetime DEFAULT current_timestamp(),
  PRIMARY KEY (`id`)
) ENGINE=InnoDB AUTO_INCREMENT=101 DEFAULT CHARSET=utf8 COLLATE=utf8_unicode_ci;

INSERT INTO `likes` (`id`, `user_id`, `target_id`, `target_type_id`, `created_at`) VALUES (1, 1, 5, 1, '1990-12-06 08:45:55');
INSERT INTO `likes` (`id`, `user_id`, `target_id`, `target_type_id`, `created_at`) VALUES (2, 2, 6, 2, '1995-07-04 05:14:23');
INSERT INTO `likes` (`id`, `user_id`, `target_id`, `target_type_id`, `created_at`) VALUES (3, 3, 5, 3, '1987-11-26 08:08:20');
INSERT INTO `likes` (`id`, `user_id`, `target_id`, `target_type_id`, `created_at`) VALUES (4, 4, 4, 4, '2017-11-08 18:31:30');
INSERT INTO `likes` (`id`, `user_id`, `target_id`, `target_type_id`, `created_at`) VALUES (5, 5, 3, 1, '1983-08-18 16:48:27');
INSERT INTO `likes` (`id`, `user_id`, `target_id`, `target_type_id`, `created_at`) VALUES (6, 6, 1, 2, '2011-03-01 02:23:09');
INSERT INTO `likes` (`id`, `user_id`, `target_id`, `target_type_id`, `created_at`) VALUES (7, 7, 7, 3, '1986-04-14 21:54:36');
INSERT INTO `likes` (`id`, `user_id`, `target_id`, `target_type_id`, `created_at`) VALUES (8, 8, 2, 4, '1971-06-02 20:17:41');
INSERT INTO `likes` (`id`, `user_id`, `target_id`, `target_type_id`, `created_at`) VALUES (9, 9, 8, 1, '1982-10-27 07:54:28');
INSERT INTO `likes` (`id`, `user_id`, `target_id`, `target_type_id`, `created_at`) VALUES (10, 10, 8, 2, '1993-06-28 02:08:19');
INSERT INTO `likes` (`id`, `user_id`, `target_id`, `target_type_id`, `created_at`) VALUES (11, 11, 6, 3, '1974-08-14 17:02:39');
INSERT INTO `likes` (`id`, `user_id`, `target_id`, `target_type_id`, `created_at`) VALUES (12, 12, 5, 4, '1990-05-04 15:41:22');
INSERT INTO `likes` (`id`, `user_id`, `target_id`, `target_type_id`, `created_at`) VALUES (13, 13, 9, 1, '2014-10-05 22:44:45');
INSERT INTO `likes` (`id`, `user_id`, `target_id`, `target_type_id`, `created_at`) VALUES (14, 14, 7, 2, '2012-01-30 16:05:31');
INSERT INTO `likes` (`id`, `user_id`, `target_id`, `target_type_id`, `created_at`) VALUES (15, 15, 4, 3, '1993-04-13 07:32:10');
INSERT INTO `likes` (`id`, `user_id`, `target_id`, `target_type_id`, `created_at`) VALUES (16, 16, 4, 4, '2008-06-25 01:23:09');
INSERT INTO `likes` (`id`, `user_id`, `target_id`, `target_type_id`, `created_at`) VALUES (17, 17, 2, 1, '2011-03-24 19:05:37');
INSERT INTO `likes` (`id`, `user_id`, `target_id`, `target_type_id`, `created_at`) VALUES (18, 18, 7, 2, '1970-04-08 06:20:24');
INSERT INTO `likes` (`id`, `user_id`, `target_id`, `target_type_id`, `created_at`) VALUES (19, 19, 4, 3, '2003-10-14 15:59:59');
INSERT INTO `likes` (`id`, `user_id`, `target_id`, `target_type_id`, `created_at`) VALUES (20, 20, 7, 4, '2012-01-21 13:40:57');
INSERT INTO `likes` (`id`, `user_id`, `target_id`, `target_type_id`, `created_at`) VALUES (21, 21, 2, 1, '1986-11-17 14:30:58');
INSERT INTO `likes` (`id`, `user_id`, `target_id`, `target_type_id`, `created_at`) VALUES (22, 22, 7, 2, '1983-06-22 04:48:40');
INSERT INTO `likes` (`id`, `user_id`, `target_id`, `target_type_id`, `created_at`) VALUES (23, 23, 8, 3, '1982-11-28 15:02:52');
INSERT INTO `likes` (`id`, `user_id`, `target_id`, `target_type_id`, `created_at`) VALUES (24, 24, 6, 4, '2014-05-10 05:34:02');
INSERT INTO `likes` (`id`, `user_id`, `target_id`, `target_type_id`, `created_at`) VALUES (25, 25, 6, 1, '1981-06-10 08:00:16');
INSERT INTO `likes` (`id`, `user_id`, `target_id`, `target_type_id`, `created_at`) VALUES (26, 26, 5, 2, '2001-04-03 00:50:40');
INSERT INTO `likes` (`id`, `user_id`, `target_id`, `target_type_id`, `created_at`) VALUES (27, 27, 5, 3, '2015-10-10 16:47:43');
INSERT INTO `likes` (`id`, `user_id`, `target_id`, `target_type_id`, `created_at`) VALUES (28, 28, 9, 4, '2013-11-25 07:38:44');
INSERT INTO `likes` (`id`, `user_id`, `target_id`, `target_type_id`, `created_at`) VALUES (29, 29, 3, 1, '2010-12-05 08:46:12');
INSERT INTO `likes` (`id`, `user_id`, `target_id`, `target_type_id`, `created_at`) VALUES (30, 30, 7, 2, '1971-02-09 16:02:14');
INSERT INTO `likes` (`id`, `user_id`, `target_id`, `target_type_id`, `created_at`) VALUES (31, 31, 5, 3, '2000-09-12 05:32:00');
INSERT INTO `likes` (`id`, `user_id`, `target_id`, `target_type_id`, `created_at`) VALUES (32, 32, 7, 4, '1990-05-29 17:15:28');
INSERT INTO `likes` (`id`, `user_id`, `target_id`, `target_type_id`, `created_at`) VALUES (33, 33, 6, 1, '1982-10-26 00:16:45');
INSERT INTO `likes` (`id`, `user_id`, `target_id`, `target_type_id`, `created_at`) VALUES (34, 34, 8, 2, '2016-12-24 05:12:39');
INSERT INTO `likes` (`id`, `user_id`, `target_id`, `target_type_id`, `created_at`) VALUES (35, 35, 9, 3, '1987-04-16 10:02:05');
INSERT INTO `likes` (`id`, `user_id`, `target_id`, `target_type_id`, `created_at`) VALUES (36, 36, 6, 4, '2013-06-30 03:25:05');
INSERT INTO `likes` (`id`, `user_id`, `target_id`, `target_type_id`, `created_at`) VALUES (37, 37, 7, 1, '1976-01-11 19:40:44');
INSERT INTO `likes` (`id`, `user_id`, `target_id`, `target_type_id`, `created_at`) VALUES (38, 38, 7, 2, '1970-09-07 20:04:02');
INSERT INTO `likes` (`id`, `user_id`, `target_id`, `target_type_id`, `created_at`) VALUES (39, 39, 1, 3, '1972-07-23 03:24:13');
INSERT INTO `likes` (`id`, `user_id`, `target_id`, `target_type_id`, `created_at`) VALUES (40, 40, 5, 4, '2003-10-19 18:21:43');
INSERT INTO `likes` (`id`, `user_id`, `target_id`, `target_type_id`, `created_at`) VALUES (41, 41, 7, 1, '2010-03-15 15:46:45');
INSERT INTO `likes` (`id`, `user_id`, `target_id`, `target_type_id`, `created_at`) VALUES (42, 42, 6, 2, '2012-08-27 23:36:48');
INSERT INTO `likes` (`id`, `user_id`, `target_id`, `target_type_id`, `created_at`) VALUES (43, 43, 6, 3, '1975-03-18 22:33:47');
INSERT INTO `likes` (`id`, `user_id`, `target_id`, `target_type_id`, `created_at`) VALUES (44, 44, 2, 4, '1995-03-04 23:43:38');
INSERT INTO `likes` (`id`, `user_id`, `target_id`, `target_type_id`, `created_at`) VALUES (45, 45, 1, 1, '2014-10-12 22:12:55');
INSERT INTO `likes` (`id`, `user_id`, `target_id`, `target_type_id`, `created_at`) VALUES (46, 46, 1, 2, '1984-11-23 12:15:41');
INSERT INTO `likes` (`id`, `user_id`, `target_id`, `target_type_id`, `created_at`) VALUES (47, 47, 1, 3, '2007-09-14 03:23:40');
INSERT INTO `likes` (`id`, `user_id`, `target_id`, `target_type_id`, `created_at`) VALUES (48, 48, 5, 4, '1988-01-24 03:35:33');
INSERT INTO `likes` (`id`, `user_id`, `target_id`, `target_type_id`, `created_at`) VALUES (49, 49, 5, 1, '1980-05-19 10:42:51');
INSERT INTO `likes` (`id`, `user_id`, `target_id`, `target_type_id`, `created_at`) VALUES (50, 50, 7, 2, '2015-06-27 02:47:29');
INSERT INTO `likes` (`id`, `user_id`, `target_id`, `target_type_id`, `created_at`) VALUES (51, 51, 1, 3, '1971-01-19 12:46:25');
INSERT INTO `likes` (`id`, `user_id`, `target_id`, `target_type_id`, `created_at`) VALUES (52, 52, 8, 4, '2003-08-28 05:15:29');
INSERT INTO `likes` (`id`, `user_id`, `target_id`, `target_type_id`, `created_at`) VALUES (53, 53, 7, 1, '1970-12-30 06:07:50');
INSERT INTO `likes` (`id`, `user_id`, `target_id`, `target_type_id`, `created_at`) VALUES (54, 54, 3, 2, '1993-06-10 04:54:51');
INSERT INTO `likes` (`id`, `user_id`, `target_id`, `target_type_id`, `created_at`) VALUES (55, 55, 7, 3, '2013-02-28 13:48:59');
INSERT INTO `likes` (`id`, `user_id`, `target_id`, `target_type_id`, `created_at`) VALUES (56, 56, 6, 4, '1997-05-20 10:54:32');
INSERT INTO `likes` (`id`, `user_id`, `target_id`, `target_type_id`, `created_at`) VALUES (57, 57, 8, 1, '2016-05-29 23:56:42');
INSERT INTO `likes` (`id`, `user_id`, `target_id`, `target_type_id`, `created_at`) VALUES (58, 58, 4, 2, '1977-12-18 07:03:10');
INSERT INTO `likes` (`id`, `user_id`, `target_id`, `target_type_id`, `created_at`) VALUES (59, 59, 4, 3, '2010-08-16 17:00:52');
INSERT INTO `likes` (`id`, `user_id`, `target_id`, `target_type_id`, `created_at`) VALUES (60, 60, 8, 4, '1984-08-17 02:12:21');
INSERT INTO `likes` (`id`, `user_id`, `target_id`, `target_type_id`, `created_at`) VALUES (61, 61, 4, 1, '1994-12-03 08:09:17');
INSERT INTO `likes` (`id`, `user_id`, `target_id`, `target_type_id`, `created_at`) VALUES (62, 62, 5, 2, '2007-02-05 07:52:23');
INSERT INTO `likes` (`id`, `user_id`, `target_id`, `target_type_id`, `created_at`) VALUES (63, 63, 2, 3, '1994-08-20 12:19:49');
INSERT INTO `likes` (`id`, `user_id`, `target_id`, `target_type_id`, `created_at`) VALUES (64, 64, 7, 4, '2018-05-17 03:02:40');
INSERT INTO `likes` (`id`, `user_id`, `target_id`, `target_type_id`, `created_at`) VALUES (65, 65, 3, 1, '1983-07-08 01:44:35');
INSERT INTO `likes` (`id`, `user_id`, `target_id`, `target_type_id`, `created_at`) VALUES (66, 66, 6, 2, '1983-03-01 08:55:56');
INSERT INTO `likes` (`id`, `user_id`, `target_id`, `target_type_id`, `created_at`) VALUES (67, 67, 4, 3, '2007-12-09 03:10:24');
INSERT INTO `likes` (`id`, `user_id`, `target_id`, `target_type_id`, `created_at`) VALUES (68, 68, 1, 4, '1988-02-17 01:35:58');
INSERT INTO `likes` (`id`, `user_id`, `target_id`, `target_type_id`, `created_at`) VALUES (69, 69, 1, 1, '1985-11-30 15:04:21');
INSERT INTO `likes` (`id`, `user_id`, `target_id`, `target_type_id`, `created_at`) VALUES (70, 70, 9, 2, '1978-02-15 04:14:41');
INSERT INTO `likes` (`id`, `user_id`, `target_id`, `target_type_id`, `created_at`) VALUES (71, 71, 1, 3, '1994-02-05 06:22:35');
INSERT INTO `likes` (`id`, `user_id`, `target_id`, `target_type_id`, `created_at`) VALUES (72, 72, 1, 4, '2019-04-20 00:42:36');
INSERT INTO `likes` (`id`, `user_id`, `target_id`, `target_type_id`, `created_at`) VALUES (73, 73, 1, 1, '2001-07-02 05:59:50');
INSERT INTO `likes` (`id`, `user_id`, `target_id`, `target_type_id`, `created_at`) VALUES (74, 74, 6, 2, '1971-11-17 01:20:37');
INSERT INTO `likes` (`id`, `user_id`, `target_id`, `target_type_id`, `created_at`) VALUES (75, 75, 7, 3, '1997-07-07 16:49:08');
INSERT INTO `likes` (`id`, `user_id`, `target_id`, `target_type_id`, `created_at`) VALUES (76, 76, 8, 4, '1994-04-20 02:39:23');
INSERT INTO `likes` (`id`, `user_id`, `target_id`, `target_type_id`, `created_at`) VALUES (77, 77, 9, 1, '1977-12-27 21:49:17');
INSERT INTO `likes` (`id`, `user_id`, `target_id`, `target_type_id`, `created_at`) VALUES (78, 78, 9, 2, '2013-07-22 20:37:36');
INSERT INTO `likes` (`id`, `user_id`, `target_id`, `target_type_id`, `created_at`) VALUES (79, 79, 8, 3, '2000-10-10 14:37:39');
INSERT INTO `likes` (`id`, `user_id`, `target_id`, `target_type_id`, `created_at`) VALUES (80, 80, 8, 4, '1991-06-13 06:16:10');
INSERT INTO `likes` (`id`, `user_id`, `target_id`, `target_type_id`, `created_at`) VALUES (81, 81, 9, 1, '1987-07-19 22:21:55');
INSERT INTO `likes` (`id`, `user_id`, `target_id`, `target_type_id`, `created_at`) VALUES (82, 82, 1, 2, '2003-06-06 01:59:57');
INSERT INTO `likes` (`id`, `user_id`, `target_id`, `target_type_id`, `created_at`) VALUES (83, 83, 7, 3, '1972-07-03 19:43:00');
INSERT INTO `likes` (`id`, `user_id`, `target_id`, `target_type_id`, `created_at`) VALUES (84, 84, 3, 4, '1980-03-16 18:58:54');
INSERT INTO `likes` (`id`, `user_id`, `target_id`, `target_type_id`, `created_at`) VALUES (85, 85, 2, 1, '1985-05-31 16:12:21');
INSERT INTO `likes` (`id`, `user_id`, `target_id`, `target_type_id`, `created_at`) VALUES (86, 86, 8, 2, '1980-06-28 09:05:30');
INSERT INTO `likes` (`id`, `user_id`, `target_id`, `target_type_id`, `created_at`) VALUES (87, 87, 6, 3, '2012-12-27 01:08:03');
INSERT INTO `likes` (`id`, `user_id`, `target_id`, `target_type_id`, `created_at`) VALUES (88, 88, 7, 4, '1984-11-10 13:37:28');
INSERT INTO `likes` (`id`, `user_id`, `target_id`, `target_type_id`, `created_at`) VALUES (89, 89, 6, 1, '1995-09-26 05:36:17');
INSERT INTO `likes` (`id`, `user_id`, `target_id`, `target_type_id`, `created_at`) VALUES (90, 90, 1, 2, '1983-06-22 13:44:36');
INSERT INTO `likes` (`id`, `user_id`, `target_id`, `target_type_id`, `created_at`) VALUES (91, 91, 2, 3, '2010-08-03 06:18:45');
INSERT INTO `likes` (`id`, `user_id`, `target_id`, `target_type_id`, `created_at`) VALUES (92, 92, 3, 4, '1976-12-09 19:21:32');
INSERT INTO `likes` (`id`, `user_id`, `target_id`, `target_type_id`, `created_at`) VALUES (93, 93, 6, 1, '2012-09-30 16:52:23');
INSERT INTO `likes` (`id`, `user_id`, `target_id`, `target_type_id`, `created_at`) VALUES (94, 94, 2, 2, '1991-02-23 11:11:22');
INSERT INTO `likes` (`id`, `user_id`, `target_id`, `target_type_id`, `created_at`) VALUES (95, 95, 5, 3, '2010-02-20 22:15:22');
INSERT INTO `likes` (`id`, `user_id`, `target_id`, `target_type_id`, `created_at`) VALUES (96, 96, 7, 4, '1992-12-14 05:24:51');
INSERT INTO `likes` (`id`, `user_id`, `target_id`, `target_type_id`, `created_at`) VALUES (97, 97, 2, 1, '1980-07-31 22:03:24');
INSERT INTO `likes` (`id`, `user_id`, `target_id`, `target_type_id`, `created_at`) VALUES (98, 98, 6, 2, '1979-07-18 18:35:17');
INSERT INTO `likes` (`id`, `user_id`, `target_id`, `target_type_id`, `created_at`) VALUES (99, 99, 8, 3, '1977-01-18 14:09:37');
INSERT INTO `likes` (`id`, `user_id`, `target_id`, `target_type_id`, `created_at`) VALUES (100, 100, 9, 4, '1988-01-07 09:40:29');


#
# TABLE STRUCTURE FOR: media
#

DROP TABLE IF EXISTS `media`;

CREATE TABLE `media` (
  `id` int(10) unsigned NOT NULL AUTO_INCREMENT,
  `media_type_id` int(10) unsigned NOT NULL,
  `user_id` int(10) unsigned NOT NULL,
  `filename` varchar(255) COLLATE utf8_unicode_ci NOT NULL,
  `size` int(11) NOT NULL,
  `metadata` longtext CHARACTER SET utf8mb4 COLLATE utf8mb4_bin DEFAULT NULL,
  `created_at` datetime DEFAULT current_timestamp(),
  `updated_at` datetime DEFAULT current_timestamp() ON UPDATE current_timestamp(),
  PRIMARY KEY (`id`)
) ENGINE=InnoDB AUTO_INCREMENT=101 DEFAULT CHARSET=utf8 COLLATE=utf8_unicode_ci;

INSERT INTO `media` (`id`, `media_type_id`, `user_id`, `filename`, `size`, `metadata`, `created_at`, `updated_at`) VALUES (1, 1, 1, 'nam', 0, NULL, '2008-03-19 00:14:27', '1973-02-06 05:07:19');
INSERT INTO `media` (`id`, `media_type_id`, `user_id`, `filename`, `size`, `metadata`, `created_at`, `updated_at`) VALUES (2, 2, 2, 'cumque', 99587, NULL, '2003-08-17 14:23:45', '1981-12-01 02:48:27');
INSERT INTO `media` (`id`, `media_type_id`, `user_id`, `filename`, `size`, `metadata`, `created_at`, `updated_at`) VALUES (3, 3, 3, 'consectetur', 4675938, NULL, '1988-02-24 12:52:43', '1995-04-22 12:23:18');
INSERT INTO `media` (`id`, `media_type_id`, `user_id`, `filename`, `size`, `metadata`, `created_at`, `updated_at`) VALUES (4, 1, 4, 'est', 4639374, NULL, '1973-02-09 08:33:28', '2012-10-25 05:39:33');
INSERT INTO `media` (`id`, `media_type_id`, `user_id`, `filename`, `size`, `metadata`, `created_at`, `updated_at`) VALUES (5, 2, 5, 'deserunt', 970920, NULL, '1986-12-12 15:31:51', '2002-08-08 16:06:26');
INSERT INTO `media` (`id`, `media_type_id`, `user_id`, `filename`, `size`, `metadata`, `created_at`, `updated_at`) VALUES (6, 3, 6, 'et', 6, NULL, '2014-07-03 03:57:56', '1999-08-19 11:10:27');
INSERT INTO `media` (`id`, `media_type_id`, `user_id`, `filename`, `size`, `metadata`, `created_at`, `updated_at`) VALUES (7, 1, 7, 'dolores', 23, NULL, '2014-05-07 10:33:47', '2009-10-14 08:08:29');
INSERT INTO `media` (`id`, `media_type_id`, `user_id`, `filename`, `size`, `metadata`, `created_at`, `updated_at`) VALUES (8, 2, 8, 'aut', 851, NULL, '1999-10-16 17:01:58', '1974-06-03 22:43:54');
INSERT INTO `media` (`id`, `media_type_id`, `user_id`, `filename`, `size`, `metadata`, `created_at`, `updated_at`) VALUES (9, 3, 9, 'ut', 22, NULL, '1989-11-22 09:00:36', '1981-12-30 07:12:02');
INSERT INTO `media` (`id`, `media_type_id`, `user_id`, `filename`, `size`, `metadata`, `created_at`, `updated_at`) VALUES (10, 1, 10, 'architecto', 7520, NULL, '1986-06-11 12:47:26', '2008-07-22 14:05:56');
INSERT INTO `media` (`id`, `media_type_id`, `user_id`, `filename`, `size`, `metadata`, `created_at`, `updated_at`) VALUES (11, 2, 11, 'qui', 6, NULL, '2005-06-21 17:04:27', '2001-12-15 02:03:04');
INSERT INTO `media` (`id`, `media_type_id`, `user_id`, `filename`, `size`, `metadata`, `created_at`, `updated_at`) VALUES (12, 3, 12, 'ut', 161794, NULL, '2005-03-08 00:07:48', '1991-11-18 10:52:53');
INSERT INTO `media` (`id`, `media_type_id`, `user_id`, `filename`, `size`, `metadata`, `created_at`, `updated_at`) VALUES (13, 1, 13, 'quo', 329, NULL, '1989-10-02 01:17:22', '2013-10-17 07:54:48');
INSERT INTO `media` (`id`, `media_type_id`, `user_id`, `filename`, `size`, `metadata`, `created_at`, `updated_at`) VALUES (14, 2, 14, 'id', 2126924, NULL, '1982-01-20 08:09:24', '1993-03-31 22:00:14');
INSERT INTO `media` (`id`, `media_type_id`, `user_id`, `filename`, `size`, `metadata`, `created_at`, `updated_at`) VALUES (15, 3, 15, 'tempora', 16575, NULL, '2015-10-30 04:00:32', '1983-08-15 09:40:20');
INSERT INTO `media` (`id`, `media_type_id`, `user_id`, `filename`, `size`, `metadata`, `created_at`, `updated_at`) VALUES (16, 1, 16, 'accusamus', 7, NULL, '1987-04-05 07:53:47', '2005-12-09 23:49:23');
INSERT INTO `media` (`id`, `media_type_id`, `user_id`, `filename`, `size`, `metadata`, `created_at`, `updated_at`) VALUES (17, 2, 17, 'explicabo', 0, NULL, '1981-01-02 12:11:34', '1989-06-06 12:46:06');
INSERT INTO `media` (`id`, `media_type_id`, `user_id`, `filename`, `size`, `metadata`, `created_at`, `updated_at`) VALUES (18, 3, 18, 'quis', 851182071, NULL, '1990-10-21 05:00:59', '2015-05-01 02:05:36');
INSERT INTO `media` (`id`, `media_type_id`, `user_id`, `filename`, `size`, `metadata`, `created_at`, `updated_at`) VALUES (19, 1, 19, 'quae', 4425329, NULL, '1981-01-27 20:51:09', '1975-05-20 04:44:51');
INSERT INTO `media` (`id`, `media_type_id`, `user_id`, `filename`, `size`, `metadata`, `created_at`, `updated_at`) VALUES (20, 2, 20, 'rerum', 2, NULL, '1982-04-08 12:35:36', '2016-02-14 18:10:07');
INSERT INTO `media` (`id`, `media_type_id`, `user_id`, `filename`, `size`, `metadata`, `created_at`, `updated_at`) VALUES (21, 3, 21, 'voluptatum', 6, NULL, '2003-01-31 00:00:12', '1972-03-12 17:15:09');
INSERT INTO `media` (`id`, `media_type_id`, `user_id`, `filename`, `size`, `metadata`, `created_at`, `updated_at`) VALUES (22, 1, 22, 'expedita', 27134750, NULL, '1988-03-20 13:19:57', '2015-01-14 07:00:37');
INSERT INTO `media` (`id`, `media_type_id`, `user_id`, `filename`, `size`, `metadata`, `created_at`, `updated_at`) VALUES (23, 2, 23, 'eos', 561935599, NULL, '1994-03-20 19:00:53', '2011-04-28 20:42:55');
INSERT INTO `media` (`id`, `media_type_id`, `user_id`, `filename`, `size`, `metadata`, `created_at`, `updated_at`) VALUES (24, 3, 24, 'placeat', 701, NULL, '1998-10-30 08:36:00', '1979-11-09 06:26:54');
INSERT INTO `media` (`id`, `media_type_id`, `user_id`, `filename`, `size`, `metadata`, `created_at`, `updated_at`) VALUES (25, 1, 25, 'iusto', 496265939, NULL, '2006-04-06 05:45:41', '1996-12-13 23:42:58');
INSERT INTO `media` (`id`, `media_type_id`, `user_id`, `filename`, `size`, `metadata`, `created_at`, `updated_at`) VALUES (26, 2, 26, 'impedit', 3, NULL, '1997-01-11 20:47:06', '1970-10-27 18:05:50');
INSERT INTO `media` (`id`, `media_type_id`, `user_id`, `filename`, `size`, `metadata`, `created_at`, `updated_at`) VALUES (27, 3, 27, 'porro', 20, NULL, '2006-06-01 13:25:30', '2018-10-09 23:28:36');
INSERT INTO `media` (`id`, `media_type_id`, `user_id`, `filename`, `size`, `metadata`, `created_at`, `updated_at`) VALUES (28, 1, 28, 'eos', 429, NULL, '1972-09-19 08:50:09', '1979-05-17 10:24:34');
INSERT INTO `media` (`id`, `media_type_id`, `user_id`, `filename`, `size`, `metadata`, `created_at`, `updated_at`) VALUES (29, 2, 29, 'alias', 82909963, NULL, '1972-03-24 10:51:56', '2010-07-10 02:36:34');
INSERT INTO `media` (`id`, `media_type_id`, `user_id`, `filename`, `size`, `metadata`, `created_at`, `updated_at`) VALUES (30, 3, 30, 'laborum', 65, NULL, '2014-09-04 15:08:15', '1998-08-25 18:05:10');
INSERT INTO `media` (`id`, `media_type_id`, `user_id`, `filename`, `size`, `metadata`, `created_at`, `updated_at`) VALUES (31, 1, 31, 'explicabo', 19, NULL, '2005-03-20 18:34:29', '2019-05-29 23:46:17');
INSERT INTO `media` (`id`, `media_type_id`, `user_id`, `filename`, `size`, `metadata`, `created_at`, `updated_at`) VALUES (32, 2, 32, 'modi', 12, NULL, '2018-07-05 03:35:55', '1993-05-25 10:20:20');
INSERT INTO `media` (`id`, `media_type_id`, `user_id`, `filename`, `size`, `metadata`, `created_at`, `updated_at`) VALUES (33, 3, 33, 'facere', 97064111, NULL, '1980-01-26 04:49:30', '1974-06-18 08:09:45');
INSERT INTO `media` (`id`, `media_type_id`, `user_id`, `filename`, `size`, `metadata`, `created_at`, `updated_at`) VALUES (34, 1, 34, 'non', 0, NULL, '1993-09-08 11:33:26', '1992-11-23 14:26:11');
INSERT INTO `media` (`id`, `media_type_id`, `user_id`, `filename`, `size`, `metadata`, `created_at`, `updated_at`) VALUES (35, 2, 35, 'quasi', 57092192, NULL, '1998-01-18 17:42:41', '1974-05-25 00:55:21');
INSERT INTO `media` (`id`, `media_type_id`, `user_id`, `filename`, `size`, `metadata`, `created_at`, `updated_at`) VALUES (36, 3, 36, 'dolores', 8, NULL, '1984-06-08 17:49:41', '1982-04-25 21:43:34');
INSERT INTO `media` (`id`, `media_type_id`, `user_id`, `filename`, `size`, `metadata`, `created_at`, `updated_at`) VALUES (37, 1, 37, 'in', 8019606, NULL, '2018-11-19 06:48:03', '1981-06-12 10:25:07');
INSERT INTO `media` (`id`, `media_type_id`, `user_id`, `filename`, `size`, `metadata`, `created_at`, `updated_at`) VALUES (38, 2, 38, 'rerum', 25680, NULL, '1979-09-05 09:01:29', '1975-06-27 22:28:31');
INSERT INTO `media` (`id`, `media_type_id`, `user_id`, `filename`, `size`, `metadata`, `created_at`, `updated_at`) VALUES (39, 3, 39, 'iste', 3, NULL, '1999-07-22 01:19:27', '2014-03-14 08:35:09');
INSERT INTO `media` (`id`, `media_type_id`, `user_id`, `filename`, `size`, `metadata`, `created_at`, `updated_at`) VALUES (40, 1, 40, 'id', 86479, NULL, '1992-05-12 12:20:59', '1971-09-06 06:57:33');
INSERT INTO `media` (`id`, `media_type_id`, `user_id`, `filename`, `size`, `metadata`, `created_at`, `updated_at`) VALUES (41, 2, 41, 'minus', 0, NULL, '1986-11-10 16:22:07', '2016-02-24 16:37:49');
INSERT INTO `media` (`id`, `media_type_id`, `user_id`, `filename`, `size`, `metadata`, `created_at`, `updated_at`) VALUES (42, 3, 42, 'et', 926, NULL, '2011-07-11 04:41:22', '2007-08-15 12:44:33');
INSERT INTO `media` (`id`, `media_type_id`, `user_id`, `filename`, `size`, `metadata`, `created_at`, `updated_at`) VALUES (43, 1, 43, 'maxime', 482, NULL, '2013-12-07 01:30:09', '2006-12-24 18:06:33');
INSERT INTO `media` (`id`, `media_type_id`, `user_id`, `filename`, `size`, `metadata`, `created_at`, `updated_at`) VALUES (44, 2, 44, 'quia', 4426, NULL, '1997-02-10 16:20:58', '2001-10-25 21:14:29');
INSERT INTO `media` (`id`, `media_type_id`, `user_id`, `filename`, `size`, `metadata`, `created_at`, `updated_at`) VALUES (45, 3, 45, 'nihil', 95891271, NULL, '1992-02-14 16:18:42', '1998-07-05 08:47:58');
INSERT INTO `media` (`id`, `media_type_id`, `user_id`, `filename`, `size`, `metadata`, `created_at`, `updated_at`) VALUES (46, 1, 46, 'nam', 0, NULL, '2016-03-04 05:15:54', '1979-06-20 12:50:31');
INSERT INTO `media` (`id`, `media_type_id`, `user_id`, `filename`, `size`, `metadata`, `created_at`, `updated_at`) VALUES (47, 2, 47, 'officiis', 88, NULL, '2016-11-12 15:16:48', '2003-06-03 02:04:44');
INSERT INTO `media` (`id`, `media_type_id`, `user_id`, `filename`, `size`, `metadata`, `created_at`, `updated_at`) VALUES (48, 3, 48, 'voluptatem', 0, NULL, '1984-10-01 12:54:03', '1970-11-17 06:47:01');
INSERT INTO `media` (`id`, `media_type_id`, `user_id`, `filename`, `size`, `metadata`, `created_at`, `updated_at`) VALUES (49, 1, 49, 'et', 4, NULL, '1974-08-04 09:45:55', '1997-11-24 11:22:31');
INSERT INTO `media` (`id`, `media_type_id`, `user_id`, `filename`, `size`, `metadata`, `created_at`, `updated_at`) VALUES (50, 2, 50, 'voluptatem', 0, NULL, '2003-10-19 14:30:20', '1985-03-07 15:14:24');
INSERT INTO `media` (`id`, `media_type_id`, `user_id`, `filename`, `size`, `metadata`, `created_at`, `updated_at`) VALUES (51, 3, 51, 'sapiente', 8, NULL, '1989-01-19 10:24:16', '1972-07-24 05:16:31');
INSERT INTO `media` (`id`, `media_type_id`, `user_id`, `filename`, `size`, `metadata`, `created_at`, `updated_at`) VALUES (52, 1, 52, 'voluptatem', 327, NULL, '1994-01-23 18:47:03', '2000-09-11 13:46:54');
INSERT INTO `media` (`id`, `media_type_id`, `user_id`, `filename`, `size`, `metadata`, `created_at`, `updated_at`) VALUES (53, 2, 53, 'voluptas', 7, NULL, '1986-01-10 12:16:12', '2009-05-27 01:00:15');
INSERT INTO `media` (`id`, `media_type_id`, `user_id`, `filename`, `size`, `metadata`, `created_at`, `updated_at`) VALUES (54, 3, 54, 'libero', 7671533, NULL, '1973-02-24 13:37:38', '2002-07-01 13:13:23');
INSERT INTO `media` (`id`, `media_type_id`, `user_id`, `filename`, `size`, `metadata`, `created_at`, `updated_at`) VALUES (55, 1, 55, 'sunt', 275, NULL, '1986-05-18 00:09:15', '1977-02-22 12:41:09');
INSERT INTO `media` (`id`, `media_type_id`, `user_id`, `filename`, `size`, `metadata`, `created_at`, `updated_at`) VALUES (56, 2, 56, 'placeat', 14057, NULL, '2005-11-19 16:55:31', '1999-04-15 23:07:07');
INSERT INTO `media` (`id`, `media_type_id`, `user_id`, `filename`, `size`, `metadata`, `created_at`, `updated_at`) VALUES (57, 3, 57, 'quia', 0, NULL, '1991-06-13 18:44:35', '2004-04-17 03:29:34');
INSERT INTO `media` (`id`, `media_type_id`, `user_id`, `filename`, `size`, `metadata`, `created_at`, `updated_at`) VALUES (58, 1, 58, 'aut', 6987, NULL, '2019-04-20 05:46:17', '2011-06-27 16:01:42');
INSERT INTO `media` (`id`, `media_type_id`, `user_id`, `filename`, `size`, `metadata`, `created_at`, `updated_at`) VALUES (59, 2, 59, 'quam', 9, NULL, '1995-09-06 17:54:12', '2014-02-25 12:30:51');
INSERT INTO `media` (`id`, `media_type_id`, `user_id`, `filename`, `size`, `metadata`, `created_at`, `updated_at`) VALUES (60, 3, 60, 'et', 0, NULL, '1993-12-07 18:23:22', '1990-12-06 18:25:28');
INSERT INTO `media` (`id`, `media_type_id`, `user_id`, `filename`, `size`, `metadata`, `created_at`, `updated_at`) VALUES (61, 1, 61, 'odio', 0, NULL, '2012-10-23 00:28:54', '2009-12-14 03:47:17');
INSERT INTO `media` (`id`, `media_type_id`, `user_id`, `filename`, `size`, `metadata`, `created_at`, `updated_at`) VALUES (62, 2, 62, 'id', 4420676, NULL, '1991-06-09 11:21:07', '1983-07-16 08:47:28');
INSERT INTO `media` (`id`, `media_type_id`, `user_id`, `filename`, `size`, `metadata`, `created_at`, `updated_at`) VALUES (63, 3, 63, 'pariatur', 12069251, NULL, '1977-04-25 07:02:35', '2009-10-06 13:00:03');
INSERT INTO `media` (`id`, `media_type_id`, `user_id`, `filename`, `size`, `metadata`, `created_at`, `updated_at`) VALUES (64, 1, 64, 'qui', 764823758, NULL, '2017-06-13 21:23:20', '1978-10-07 03:09:26');
INSERT INTO `media` (`id`, `media_type_id`, `user_id`, `filename`, `size`, `metadata`, `created_at`, `updated_at`) VALUES (65, 2, 65, 'molestiae', 143, NULL, '1974-02-09 03:25:26', '1988-02-23 04:59:54');
INSERT INTO `media` (`id`, `media_type_id`, `user_id`, `filename`, `size`, `metadata`, `created_at`, `updated_at`) VALUES (66, 3, 66, 'ratione', 73, NULL, '2005-09-26 17:49:13', '1981-04-02 23:36:05');
INSERT INTO `media` (`id`, `media_type_id`, `user_id`, `filename`, `size`, `metadata`, `created_at`, `updated_at`) VALUES (67, 1, 67, 'blanditiis', 72085323, NULL, '2013-01-30 16:59:19', '1986-10-20 15:28:23');
INSERT INTO `media` (`id`, `media_type_id`, `user_id`, `filename`, `size`, `metadata`, `created_at`, `updated_at`) VALUES (68, 2, 68, 'voluptatem', 0, NULL, '2011-12-28 14:29:03', '2002-11-04 00:53:30');
INSERT INTO `media` (`id`, `media_type_id`, `user_id`, `filename`, `size`, `metadata`, `created_at`, `updated_at`) VALUES (69, 3, 69, 'provident', 1103746, NULL, '1974-07-08 12:42:54', '1981-02-18 22:46:00');
INSERT INTO `media` (`id`, `media_type_id`, `user_id`, `filename`, `size`, `metadata`, `created_at`, `updated_at`) VALUES (70, 1, 70, 'odit', 10747, NULL, '2015-02-26 06:52:19', '2006-06-16 05:03:19');
INSERT INTO `media` (`id`, `media_type_id`, `user_id`, `filename`, `size`, `metadata`, `created_at`, `updated_at`) VALUES (71, 2, 71, 'hic', 2860914, NULL, '1980-11-28 16:21:41', '1981-08-08 14:20:22');
INSERT INTO `media` (`id`, `media_type_id`, `user_id`, `filename`, `size`, `metadata`, `created_at`, `updated_at`) VALUES (72, 3, 72, 'non', 776849, NULL, '1987-11-12 14:28:39', '1999-03-07 01:37:22');
INSERT INTO `media` (`id`, `media_type_id`, `user_id`, `filename`, `size`, `metadata`, `created_at`, `updated_at`) VALUES (73, 1, 73, 'id', 5472653, NULL, '2011-09-21 23:56:29', '1971-04-22 03:45:43');
INSERT INTO `media` (`id`, `media_type_id`, `user_id`, `filename`, `size`, `metadata`, `created_at`, `updated_at`) VALUES (74, 2, 74, 'dolorum', 3950300, NULL, '2008-11-17 23:30:43', '2004-09-16 05:14:10');
INSERT INTO `media` (`id`, `media_type_id`, `user_id`, `filename`, `size`, `metadata`, `created_at`, `updated_at`) VALUES (75, 3, 75, 'et', 501417, NULL, '1993-04-14 14:41:31', '1970-05-26 09:18:58');
INSERT INTO `media` (`id`, `media_type_id`, `user_id`, `filename`, `size`, `metadata`, `created_at`, `updated_at`) VALUES (76, 1, 76, 'nemo', 939594557, NULL, '1987-06-24 20:59:38', '2018-06-25 17:32:37');
INSERT INTO `media` (`id`, `media_type_id`, `user_id`, `filename`, `size`, `metadata`, `created_at`, `updated_at`) VALUES (77, 2, 77, 'libero', 999946, NULL, '2018-05-26 02:10:14', '2003-12-06 17:17:28');
INSERT INTO `media` (`id`, `media_type_id`, `user_id`, `filename`, `size`, `metadata`, `created_at`, `updated_at`) VALUES (78, 3, 78, 'consequuntur', 3552071, NULL, '1998-09-28 22:56:04', '1977-12-19 14:01:31');
INSERT INTO `media` (`id`, `media_type_id`, `user_id`, `filename`, `size`, `metadata`, `created_at`, `updated_at`) VALUES (79, 1, 79, 'sit', 796477443, NULL, '1990-07-07 05:11:13', '2004-08-26 21:43:55');
INSERT INTO `media` (`id`, `media_type_id`, `user_id`, `filename`, `size`, `metadata`, `created_at`, `updated_at`) VALUES (80, 2, 80, 'autem', 208960113, NULL, '1990-02-08 20:59:33', '1996-05-06 00:16:18');
INSERT INTO `media` (`id`, `media_type_id`, `user_id`, `filename`, `size`, `metadata`, `created_at`, `updated_at`) VALUES (81, 3, 81, 'ut', 5, NULL, '1974-04-07 15:26:57', '1978-04-08 08:37:40');
INSERT INTO `media` (`id`, `media_type_id`, `user_id`, `filename`, `size`, `metadata`, `created_at`, `updated_at`) VALUES (82, 1, 82, 'temporibus', 6372282, NULL, '1986-09-17 17:10:27', '1988-02-23 21:20:39');
INSERT INTO `media` (`id`, `media_type_id`, `user_id`, `filename`, `size`, `metadata`, `created_at`, `updated_at`) VALUES (83, 2, 83, 'est', 51279, NULL, '1991-11-14 20:23:17', '1999-03-18 18:52:36');
INSERT INTO `media` (`id`, `media_type_id`, `user_id`, `filename`, `size`, `metadata`, `created_at`, `updated_at`) VALUES (84, 3, 84, 'repellendus', 0, NULL, '2007-10-14 13:29:45', '2010-10-12 20:43:44');
INSERT INTO `media` (`id`, `media_type_id`, `user_id`, `filename`, `size`, `metadata`, `created_at`, `updated_at`) VALUES (85, 1, 85, 'aut', 9, NULL, '1983-05-12 16:35:02', '2002-12-21 20:18:40');
INSERT INTO `media` (`id`, `media_type_id`, `user_id`, `filename`, `size`, `metadata`, `created_at`, `updated_at`) VALUES (86, 2, 86, 'autem', 484573780, NULL, '1983-06-24 08:04:24', '1972-02-02 17:29:37');
INSERT INTO `media` (`id`, `media_type_id`, `user_id`, `filename`, `size`, `metadata`, `created_at`, `updated_at`) VALUES (87, 3, 87, 'quibusdam', 63004, NULL, '1976-11-29 15:48:18', '1971-06-29 09:42:09');
INSERT INTO `media` (`id`, `media_type_id`, `user_id`, `filename`, `size`, `metadata`, `created_at`, `updated_at`) VALUES (88, 1, 88, 'soluta', 920227, NULL, '2001-12-29 17:30:13', '2005-11-03 18:23:26');
INSERT INTO `media` (`id`, `media_type_id`, `user_id`, `filename`, `size`, `metadata`, `created_at`, `updated_at`) VALUES (89, 2, 89, 'facilis', 134, NULL, '2010-11-12 00:03:11', '2009-05-02 22:50:07');
INSERT INTO `media` (`id`, `media_type_id`, `user_id`, `filename`, `size`, `metadata`, `created_at`, `updated_at`) VALUES (90, 3, 90, 'iure', 506, NULL, '1999-08-22 09:26:36', '1997-02-04 06:13:06');
INSERT INTO `media` (`id`, `media_type_id`, `user_id`, `filename`, `size`, `metadata`, `created_at`, `updated_at`) VALUES (91, 1, 91, 'molestias', 21555650, NULL, '2007-04-25 17:05:58', '1972-12-01 11:12:14');
INSERT INTO `media` (`id`, `media_type_id`, `user_id`, `filename`, `size`, `metadata`, `created_at`, `updated_at`) VALUES (92, 2, 92, 'nesciunt', 1816186, NULL, '2008-09-11 04:03:45', '1992-12-09 09:55:14');
INSERT INTO `media` (`id`, `media_type_id`, `user_id`, `filename`, `size`, `metadata`, `created_at`, `updated_at`) VALUES (93, 3, 93, 'odit', 615026034, NULL, '1990-11-28 10:26:09', '1970-01-01 10:49:24');
INSERT INTO `media` (`id`, `media_type_id`, `user_id`, `filename`, `size`, `metadata`, `created_at`, `updated_at`) VALUES (94, 1, 94, 'dolore', 7, NULL, '1999-01-22 06:50:38', '1980-05-09 12:25:05');
INSERT INTO `media` (`id`, `media_type_id`, `user_id`, `filename`, `size`, `metadata`, `created_at`, `updated_at`) VALUES (95, 2, 95, 'quasi', 9043, NULL, '1988-01-25 19:17:14', '1988-10-07 00:45:51');
INSERT INTO `media` (`id`, `media_type_id`, `user_id`, `filename`, `size`, `metadata`, `created_at`, `updated_at`) VALUES (96, 3, 96, 'est', 77269, NULL, '1990-02-20 03:43:51', '2010-12-20 00:31:21');
INSERT INTO `media` (`id`, `media_type_id`, `user_id`, `filename`, `size`, `metadata`, `created_at`, `updated_at`) VALUES (97, 1, 97, 'nisi', 0, NULL, '2004-02-12 19:59:02', '1991-01-15 20:46:12');
INSERT INTO `media` (`id`, `media_type_id`, `user_id`, `filename`, `size`, `metadata`, `created_at`, `updated_at`) VALUES (98, 2, 98, 'ut', 0, NULL, '2014-05-20 00:19:01', '1995-10-22 02:39:15');
INSERT INTO `media` (`id`, `media_type_id`, `user_id`, `filename`, `size`, `metadata`, `created_at`, `updated_at`) VALUES (99, 3, 99, 'similique', 778, NULL, '1981-12-04 21:21:03', '2016-02-28 01:27:06');
INSERT INTO `media` (`id`, `media_type_id`, `user_id`, `filename`, `size`, `metadata`, `created_at`, `updated_at`) VALUES (100, 1, 100, 'error', 220032, NULL, '2010-10-16 04:20:17', '2015-11-22 01:15:53');


#
# TABLE STRUCTURE FOR: media_types
#

DROP TABLE IF EXISTS `media_types`;

CREATE TABLE `media_types` (
  `id` int(10) unsigned NOT NULL AUTO_INCREMENT,
  `name` varchar(255) COLLATE utf8_unicode_ci NOT NULL,
  PRIMARY KEY (`id`),
  UNIQUE KEY `name` (`name`)
) ENGINE=InnoDB AUTO_INCREMENT=4 DEFAULT CHARSET=utf8 COLLATE=utf8_unicode_ci;

INSERT INTO `media_types` (`id`, `name`) VALUES (1, 'audio');
INSERT INTO `media_types` (`id`, `name`) VALUES (3, 'image');
INSERT INTO `media_types` (`id`, `name`) VALUES (2, 'video');


#
# TABLE STRUCTURE FOR: messages
#

DROP TABLE IF EXISTS `messages`;

CREATE TABLE `messages` (
  `id` int(10) unsigned NOT NULL AUTO_INCREMENT,
  `from_user_id` int(10) unsigned NOT NULL,
  `to_user_id` int(10) unsigned NOT NULL,
  `body` text COLLATE utf8_unicode_ci NOT NULL,
  `important` tinyint(1) DEFAULT NULL,
  `delivered` tinyint(1) DEFAULT NULL,
  `created_at` datetime DEFAULT current_timestamp(),
  PRIMARY KEY (`id`)
) ENGINE=InnoDB AUTO_INCREMENT=101 DEFAULT CHARSET=utf8 COLLATE=utf8_unicode_ci;

INSERT INTO `messages` (`id`, `from_user_id`, `to_user_id`, `body`, `important`, `delivered`, `created_at`) VALUES (1, 1, 1, 'Alice had begun to dream that she looked down into a large plate came skimming out, straight at the flowers and those cool fountains, but she gained courage as she went slowly after it: \'I never.', 1, 0, '1973-05-08 06:59:26');
INSERT INTO `messages` (`id`, `from_user_id`, `to_user_id`, `body`, `important`, `delivered`, `created_at`) VALUES (2, 2, 2, 'Dormouse into the sky all the while, till at last she stretched her arms round it as you might knock, and I could say if I fell off the fire, licking her paws and washing her face--and she is only a.', 1, 1, '1990-05-27 06:26:47');
INSERT INTO `messages` (`id`, `from_user_id`, `to_user_id`, `body`, `important`, `delivered`, `created_at`) VALUES (3, 3, 3, 'She had just begun to repeat it, when a cry of \'The trial\'s beginning!\' was heard in the pool rippling to the game. CHAPTER IX. The Mock Turtle at last, they must be off, and had no pictures or.', 0, 0, '1977-04-11 11:27:37');
INSERT INTO `messages` (`id`, `from_user_id`, `to_user_id`, `body`, `important`, `delivered`, `created_at`) VALUES (4, 4, 4, 'She said the Hatter, and he called the Queen, and in a mournful tone, \'he won\'t do a thing I ask! It\'s always six o\'clock now.\' A bright idea came into her face. \'Very,\' said Alice: \'allow me to.', 1, 1, '1973-04-12 18:12:44');
INSERT INTO `messages` (`id`, `from_user_id`, `to_user_id`, `body`, `important`, `delivered`, `created_at`) VALUES (5, 5, 5, 'Alice\'s elbow was pressed so closely against her foot, that there ought! And when I was thinking I should think very likely it can be,\' said the Mock Turtle. \'Seals, turtles, salmon, and so on.\'.', 0, 0, '1995-05-23 08:24:04');
INSERT INTO `messages` (`id`, `from_user_id`, `to_user_id`, `body`, `important`, `delivered`, `created_at`) VALUES (6, 6, 6, 'You see the Queen. \'I haven\'t opened it yet,\' said Alice; \'but a grin without a great thistle, to keep herself from being broken. She hastily put down the chimney!\' \'Oh! So Bill\'s got to the.', 0, 1, '1974-04-02 22:24:25');
INSERT INTO `messages` (`id`, `from_user_id`, `to_user_id`, `body`, `important`, `delivered`, `created_at`) VALUES (7, 7, 7, 'Queen, and Alice guessed in a sulky tone; \'Seven jogged my elbow.\' On which Seven looked up eagerly, half hoping that the way YOU manage?\' Alice asked. The Hatter shook his grey locks, \'I kept all.', 1, 0, '2000-02-21 15:51:57');
INSERT INTO `messages` (`id`, `from_user_id`, `to_user_id`, `body`, `important`, `delivered`, `created_at`) VALUES (8, 8, 8, 'Multiplication Table doesn\'t signify: let\'s try the first to break the silence. \'What day of the game, the Queen was to find her in an encouraging tone. Alice looked all round her head. Still she.', 1, 1, '1982-06-01 00:49:43');
INSERT INTO `messages` (`id`, `from_user_id`, `to_user_id`, `body`, `important`, `delivered`, `created_at`) VALUES (9, 9, 9, 'Queen. An invitation for the rest of it in large letters. It was the first position in which case it would be quite absurd for her neck kept getting entangled among the leaves, which she had caught.', 0, 1, '1988-02-20 08:13:02');
INSERT INTO `messages` (`id`, `from_user_id`, `to_user_id`, `body`, `important`, `delivered`, `created_at`) VALUES (10, 10, 10, 'Now I growl when I\'m pleased, and wag my tail when I\'m angry. Therefore I\'m mad.\' \'I call it purring, not growling,\' said Alice. \'I don\'t much care where--\' said Alice. \'Of course you know I\'m mad?\'.', 0, 0, '1976-01-07 02:53:09');
INSERT INTO `messages` (`id`, `from_user_id`, `to_user_id`, `body`, `important`, `delivered`, `created_at`) VALUES (11, 11, 11, 'Hatter. \'He won\'t stand beating. Now, if you wouldn\'t keep appearing and vanishing so suddenly: you make one quite giddy.\' \'All right,\' said the Gryphon, and the two sides of it, and yet it was as.', 1, 0, '1979-01-23 01:36:22');
INSERT INTO `messages` (`id`, `from_user_id`, `to_user_id`, `body`, `important`, `delivered`, `created_at`) VALUES (12, 12, 12, 'It\'s enough to drive one crazy!\' The Footman seemed to Alice as it spoke (it was exactly the right size, that it was all very well to say which), and they sat down, and the constant heavy sobbing of.', 0, 0, '1988-09-13 08:15:29');
INSERT INTO `messages` (`id`, `from_user_id`, `to_user_id`, `body`, `important`, `delivered`, `created_at`) VALUES (13, 13, 13, 'There was no use now,\' thought poor Alice, who was gently brushing away some dead leaves that lay far below her. \'What CAN all that green stuff be?\' said Alice. \'It must have been changed several.', 0, 0, '2016-01-19 22:52:55');
INSERT INTO `messages` (`id`, `from_user_id`, `to_user_id`, `body`, `important`, `delivered`, `created_at`) VALUES (14, 14, 14, 'Caterpillar. Here was another puzzling question; and as for the end of the bill, \"French, music, AND WASHING--extra.\"\' \'You couldn\'t have done that?\' she thought. \'But everything\'s curious today. I.', 0, 1, '2012-08-01 21:35:33');
INSERT INTO `messages` (`id`, `from_user_id`, `to_user_id`, `body`, `important`, `delivered`, `created_at`) VALUES (15, 15, 15, 'I then? Tell me that first, and then nodded. \'It\'s no use in talking to herself, as well as the doubled-up soldiers were always getting up and rubbed its eyes: then it watched the White Rabbit, who.', 1, 1, '2010-04-19 08:11:06');
INSERT INTO `messages` (`id`, `from_user_id`, `to_user_id`, `body`, `important`, `delivered`, `created_at`) VALUES (16, 16, 16, 'Wonderland, though she knew the meaning of it in the last words out loud, and the three gardeners, but she got to the puppy; whereupon the puppy jumped into the earth. At last the Mouse, frowning,.', 1, 0, '2019-07-27 13:18:33');
INSERT INTO `messages` (`id`, `from_user_id`, `to_user_id`, `body`, `important`, `delivered`, `created_at`) VALUES (17, 17, 17, 'Mary Ann, and be turned out of the shelves as she could, for the first to speak. \'What size do you like the wind, and was going on shrinking rapidly: she soon found out that one of the Gryphon, and.', 0, 1, '1972-06-25 07:14:23');
INSERT INTO `messages` (`id`, `from_user_id`, `to_user_id`, `body`, `important`, `delivered`, `created_at`) VALUES (18, 18, 18, 'I like being that person, I\'ll come up: if not, I\'ll stay down here! It\'ll be no sort of way, \'Do cats eat bats, I wonder?\' Alice guessed who it was, and, as she could, and soon found an opportunity.', 0, 0, '1984-02-28 04:55:23');
INSERT INTO `messages` (`id`, `from_user_id`, `to_user_id`, `body`, `important`, `delivered`, `created_at`) VALUES (19, 19, 19, 'I\'ve got back to the Mock Turtle persisted. \'How COULD he turn them out of its mouth and yawned once or twice, half hoping that the pebbles were all in bed!\' On various pretexts they all crowded.', 0, 0, '1972-03-06 02:16:12');
INSERT INTO `messages` (`id`, `from_user_id`, `to_user_id`, `body`, `important`, `delivered`, `created_at`) VALUES (20, 20, 20, 'So she set off at once, she found it very hard indeed to make ONE respectable person!\' Soon her eye fell upon a little faster?\" said a timid and tremulous sound.] \'That\'s different from what I.', 0, 0, '1999-08-29 09:34:15');
INSERT INTO `messages` (`id`, `from_user_id`, `to_user_id`, `body`, `important`, `delivered`, `created_at`) VALUES (21, 21, 21, 'RABBIT\' engraved upon it. She felt that there was Mystery,\' the Mock Turtle. \'Seals, turtles, salmon, and so on; then, when you\'ve cleared all the way YOU manage?\' Alice asked. \'We called him a.', 0, 0, '2010-02-23 05:41:55');
INSERT INTO `messages` (`id`, `from_user_id`, `to_user_id`, `body`, `important`, `delivered`, `created_at`) VALUES (22, 22, 22, 'HAVE my shoulders got to? And oh, my poor little thing grunted in reply (it had left off sneezing by this time, and was beating her violently with its legs hanging down, but generally, just as I\'d.', 0, 1, '2016-09-21 16:28:10');
INSERT INTO `messages` (`id`, `from_user_id`, `to_user_id`, `body`, `important`, `delivered`, `created_at`) VALUES (23, 23, 23, 'Half-past one, time for dinner!\' (\'I only wish it was,\' said the White Rabbit as he spoke, and the other side of WHAT?\' thought Alice to herself, \'I don\'t much care where--\' said Alice. \'Well,.', 1, 1, '1996-11-13 15:33:44');
INSERT INTO `messages` (`id`, `from_user_id`, `to_user_id`, `body`, `important`, `delivered`, `created_at`) VALUES (24, 24, 24, 'What happened to you? Tell us all about for some time without hearing anything more: at last the Caterpillar seemed to be otherwise than what you were all crowded together at one and then Alice put.', 1, 1, '1978-11-29 17:37:00');
INSERT INTO `messages` (`id`, `from_user_id`, `to_user_id`, `body`, `important`, `delivered`, `created_at`) VALUES (25, 25, 25, 'BEST butter, you know.\' \'Not the same size for ten minutes together!\' \'Can\'t remember WHAT things?\' said the Dodo solemnly presented the thimble, saying \'We beg your pardon!\' said the Duchess; \'and.', 0, 1, '1976-01-30 14:20:49');
INSERT INTO `messages` (`id`, `from_user_id`, `to_user_id`, `body`, `important`, `delivered`, `created_at`) VALUES (26, 26, 26, 'Duck. \'Found IT,\' the Mouse to tell me who YOU are, first.\' \'Why?\' said the Mouse, who was beginning to see what this bottle does. I do hope it\'ll make me smaller, I suppose.\' So she called softly.', 0, 0, '2019-05-25 00:13:37');
INSERT INTO `messages` (`id`, `from_user_id`, `to_user_id`, `body`, `important`, `delivered`, `created_at`) VALUES (27, 27, 27, 'I shall have somebody to talk to.\' \'How are you getting on?\' said Alice, and she at once took up the little creature down, and was going to begin with,\' the Mock Turtle repeated thoughtfully. \'I.', 1, 1, '1974-10-07 19:03:59');
INSERT INTO `messages` (`id`, `from_user_id`, `to_user_id`, `body`, `important`, `delivered`, `created_at`) VALUES (28, 28, 28, 'When she got to the door, and tried to open it; but, as the jury had a large arm-chair at one corner of it: for she felt that she ought not to her, \'if we had the best way you go,\' said the King..', 1, 0, '1983-11-17 15:55:32');
INSERT INTO `messages` (`id`, `from_user_id`, `to_user_id`, `body`, `important`, `delivered`, `created_at`) VALUES (29, 29, 29, 'How puzzling all these changes are! I\'m never sure what I\'m going to shrink any further: she felt that this could not join the dance. Will you, won\'t you, will you, won\'t you join the dance. \'\"What.', 0, 0, '1972-12-12 16:07:32');
INSERT INTO `messages` (`id`, `from_user_id`, `to_user_id`, `body`, `important`, `delivered`, `created_at`) VALUES (30, 30, 30, 'VERY tired of sitting by her sister was reading, but it said nothing. \'This here young lady,\' said the Mock Turtle, and said \'No, never\') \'--so you can find them.\' As she said to herself, \'Which.', 1, 1, '1974-07-03 13:43:40');
INSERT INTO `messages` (`id`, `from_user_id`, `to_user_id`, `body`, `important`, `delivered`, `created_at`) VALUES (31, 31, 31, 'THERE again!\' said Alice indignantly. \'Let me alone!\' \'Serpent, I say again!\' repeated the Pigeon, but in a natural way. \'I thought it would be four thousand miles down, I think--\' (for, you see,.', 1, 1, '1992-12-26 19:27:29');
INSERT INTO `messages` (`id`, `from_user_id`, `to_user_id`, `body`, `important`, `delivered`, `created_at`) VALUES (32, 32, 32, 'Hatter. \'Stolen!\' the King said to herself; \'the March Hare took the opportunity of saying to herself, \'Why, they\'re only a mouse that had made her feel very sleepy and stupid), whether the pleasure.', 1, 1, '1992-09-04 18:04:22');
INSERT INTO `messages` (`id`, `from_user_id`, `to_user_id`, `body`, `important`, `delivered`, `created_at`) VALUES (33, 33, 33, 'So they couldn\'t see it?\' So she swallowed one of the Queen said to herself; \'the March Hare and the m--\' But here, to Alice\'s side as she could not think of nothing better to say but \'It belongs to.', 1, 1, '1992-12-17 07:24:28');
INSERT INTO `messages` (`id`, `from_user_id`, `to_user_id`, `body`, `important`, `delivered`, `created_at`) VALUES (34, 34, 34, 'White Rabbit, jumping up in such a tiny golden key, and Alice\'s first thought was that you never tasted an egg!\' \'I HAVE tasted eggs, certainly,\' said Alice angrily. \'It wasn\'t very civil of you to.', 0, 0, '2002-12-22 07:03:56');
INSERT INTO `messages` (`id`, `from_user_id`, `to_user_id`, `body`, `important`, `delivered`, `created_at`) VALUES (35, 35, 35, 'Alice, and she could not help bursting out laughing: and when she looked down, was an old Crab took the hookah into its mouth and began by producing from under his arm a great thistle, to keep back.', 1, 1, '1986-03-02 01:33:57');
INSERT INTO `messages` (`id`, `from_user_id`, `to_user_id`, `body`, `important`, `delivered`, `created_at`) VALUES (36, 36, 36, 'Majesty,\' he began, \'for bringing these in: but I think I can remember feeling a little way out of sight: \'but it seems to suit them!\' \'I haven\'t the least notice of her favourite word \'moral,\' and.', 0, 1, '2016-12-11 09:09:59');
INSERT INTO `messages` (`id`, `from_user_id`, `to_user_id`, `body`, `important`, `delivered`, `created_at`) VALUES (37, 37, 37, 'When the procession moved on, three of the door opened inwards, and Alice\'s first thought was that you couldn\'t cut off a bit of stick, and made believe to worry it; then Alice dodged behind a great.', 0, 1, '2008-02-08 19:32:43');
INSERT INTO `messages` (`id`, `from_user_id`, `to_user_id`, `body`, `important`, `delivered`, `created_at`) VALUES (38, 38, 38, 'She said this last remark, \'it\'s a vegetable. It doesn\'t look like one, but the three gardeners, oblong and flat, with their heads!\' and the blades of grass, but she remembered having seen in her.', 0, 0, '1993-05-25 12:54:28');
INSERT INTO `messages` (`id`, `from_user_id`, `to_user_id`, `body`, `important`, `delivered`, `created_at`) VALUES (39, 39, 39, 'The long grass rustled at her feet, for it to make out which were the verses the White Rabbit, jumping up in a hoarse, feeble voice: \'I heard every word you fellows were saying.\' \'Tell us a story.\'.', 0, 0, '1973-10-26 11:27:57');
INSERT INTO `messages` (`id`, `from_user_id`, `to_user_id`, `body`, `important`, `delivered`, `created_at`) VALUES (40, 40, 40, 'White Rabbit read:-- \'They told me he was gone, and, by the pope, was soon left alone. \'I wish the creatures wouldn\'t be so proud as all that.\' \'Well, it\'s got no business there, at any rate,.', 0, 1, '1998-05-19 11:38:36');
INSERT INTO `messages` (`id`, `from_user_id`, `to_user_id`, `body`, `important`, `delivered`, `created_at`) VALUES (41, 41, 41, 'Mock Turtle in a confused way, \'Prizes! Prizes!\' Alice had no pictures or conversations?\' So she went on, turning to Alice, and tried to fancy what the flame of a procession,\' thought she, \'what.', 0, 1, '1994-10-01 12:58:49');
INSERT INTO `messages` (`id`, `from_user_id`, `to_user_id`, `body`, `important`, `delivered`, `created_at`) VALUES (42, 42, 42, 'Cat. \'--so long as there was silence for some way, and then hurried on, Alice started to her in such long ringlets, and mine doesn\'t go in ringlets at all; however, she went on in a very melancholy.', 1, 0, '1979-05-01 20:48:05');
INSERT INTO `messages` (`id`, `from_user_id`, `to_user_id`, `body`, `important`, `delivered`, `created_at`) VALUES (43, 43, 43, 'SHOES.\' the Gryphon interrupted in a louder tone. \'ARE you to sit down without being seen, when she had someone to listen to her. \'I wish I hadn\'t drunk quite so much!\' said Alice, seriously, \'I\'ll.', 0, 1, '2000-04-03 21:38:11');
INSERT INTO `messages` (`id`, `from_user_id`, `to_user_id`, `body`, `important`, `delivered`, `created_at`) VALUES (44, 44, 44, 'Alice, that she had drunk half the bottle, saying to her ear. \'You\'re thinking about something, my dear, I think?\' \'I had NOT!\' cried the Mouse, getting up and straightening itself out again, and.', 0, 1, '1988-09-29 14:45:51');
INSERT INTO `messages` (`id`, `from_user_id`, `to_user_id`, `body`, `important`, `delivered`, `created_at`) VALUES (45, 45, 45, 'Knave was standing before them, in chains, with a large pool all round the table, but there was a large caterpillar, that was linked into hers began to repeat it, but her head on her hand, and made.', 0, 1, '1991-06-12 03:43:29');
INSERT INTO `messages` (`id`, `from_user_id`, `to_user_id`, `body`, `important`, `delivered`, `created_at`) VALUES (46, 46, 46, 'I to do so. \'Shall we try another figure of the earth. At last the Dodo managed it.) First it marked out a race-course, in a long, low hall, which was lit up by two guinea-pigs, who were lying on.', 1, 1, '1975-07-26 07:44:10');
INSERT INTO `messages` (`id`, `from_user_id`, `to_user_id`, `body`, `important`, `delivered`, `created_at`) VALUES (47, 47, 47, 'PLEASE mind what you\'re at!\" You know the song, perhaps?\' \'I\'ve heard something like it,\' said Alice. \'Then it doesn\'t matter a bit,\' she thought it must be shutting up like telescopes: this time.', 1, 0, '1985-12-13 11:26:01');
INSERT INTO `messages` (`id`, `from_user_id`, `to_user_id`, `body`, `important`, `delivered`, `created_at`) VALUES (48, 48, 48, 'Caterpillar decidedly, and the poor child, \'for I never was so ordered about by mice and rabbits. I almost think I may as well to say \"HOW DOTH THE LITTLE BUSY BEE,\" but it had a wink of sleep these.', 1, 1, '2001-12-02 10:53:31');
INSERT INTO `messages` (`id`, `from_user_id`, `to_user_id`, `body`, `important`, `delivered`, `created_at`) VALUES (49, 49, 49, 'Mock Turtle, \'Drive on, old fellow! Don\'t be all day about it!\' Last came a little quicker. \'What a number of changes she had put the hookah out of sight; and an Eaglet, and several other curious.', 0, 1, '1996-10-28 18:12:01');
INSERT INTO `messages` (`id`, `from_user_id`, `to_user_id`, `body`, `important`, `delivered`, `created_at`) VALUES (50, 50, 50, 'I am to see how he can EVEN finish, if he would not stoop? Soup of the sort,\' said the Cat, \'a dog\'s not mad. You grant that?\' \'I suppose so,\' said Alice. \'Off with his head!\"\' \'How dreadfully.', 0, 1, '2009-07-13 08:57:44');
INSERT INTO `messages` (`id`, `from_user_id`, `to_user_id`, `body`, `important`, `delivered`, `created_at`) VALUES (51, 51, 51, 'After a while, finding that nothing more to do with this creature when I breathe\"!\' \'It IS a long time together.\' \'Which is just the case with MINE,\' said the King. The White Rabbit with pink eyes.', 1, 1, '1995-01-18 06:31:06');
INSERT INTO `messages` (`id`, `from_user_id`, `to_user_id`, `body`, `important`, `delivered`, `created_at`) VALUES (52, 52, 52, 'Lizard\'s slate-pencil, and the words came very queer indeed:-- \'\'Tis the voice of the well, and noticed that they would go, and broke off a bit of the room again, no wonder she felt sure she would.', 0, 0, '1973-06-02 18:56:31');
INSERT INTO `messages` (`id`, `from_user_id`, `to_user_id`, `body`, `important`, `delivered`, `created_at`) VALUES (53, 53, 53, 'O Mouse!\' (Alice thought this must be getting home; the night-air doesn\'t suit my throat!\' and a sad tale!\' said the Dormouse: \'not in that ridiculous fashion.\' And he added in a very difficult game.', 0, 1, '1970-01-29 03:25:11');
INSERT INTO `messages` (`id`, `from_user_id`, `to_user_id`, `body`, `important`, `delivered`, `created_at`) VALUES (54, 54, 54, 'Lizard as she could not answer without a porpoise.\' \'Wouldn\'t it really?\' said Alice to herself, \'to be going messages for a minute, while Alice thought she might find another key on it, and talking.', 1, 1, '1970-01-05 21:23:55');
INSERT INTO `messages` (`id`, `from_user_id`, `to_user_id`, `body`, `important`, `delivered`, `created_at`) VALUES (55, 55, 55, 'I\'m certain! I must be removed,\' said the Cat: \'we\'re all mad here. I\'m mad. You\'re mad.\' \'How do you know I\'m mad?\' said Alice. \'Well, I shan\'t grow any more--As it is, I can\'t put it to make ONE.', 0, 0, '1997-04-17 19:44:02');
INSERT INTO `messages` (`id`, `from_user_id`, `to_user_id`, `body`, `important`, `delivered`, `created_at`) VALUES (56, 56, 56, 'White Rabbit, who said in a very interesting dance to watch,\' said Alice, a little recovered from the shock of being such a neck as that! No, no! You\'re a serpent; and there\'s no meaning in them,.', 1, 1, '2016-11-08 12:41:08');
INSERT INTO `messages` (`id`, `from_user_id`, `to_user_id`, `body`, `important`, `delivered`, `created_at`) VALUES (57, 57, 57, 'Alice laughed so much already, that it was sneezing on the twelfth?\' Alice went on, \'that they\'d let Dinah stop in the distance, sitting sad and lonely on a three-legged stool in the other. \'I beg.', 1, 0, '1974-11-03 05:14:28');
INSERT INTO `messages` (`id`, `from_user_id`, `to_user_id`, `body`, `important`, `delivered`, `created_at`) VALUES (58, 58, 58, 'She went in without knocking, and hurried off at once and put back into the wood to listen. The Fish-Footman began by producing from under his arm a great crash, as if nothing had happened. \'How am.', 1, 1, '2017-07-08 06:03:36');
INSERT INTO `messages` (`id`, `from_user_id`, `to_user_id`, `body`, `important`, `delivered`, `created_at`) VALUES (59, 59, 59, 'White Rabbit hurried by--the frightened Mouse splashed his way through the air! Do you think, at your age, it is right?\' \'In my youth,\' said the Cat, \'or you wouldn\'t keep appearing and vanishing so.', 1, 1, '1989-05-28 13:38:57');
INSERT INTO `messages` (`id`, `from_user_id`, `to_user_id`, `body`, `important`, `delivered`, `created_at`) VALUES (60, 60, 60, 'Those whom she sentenced were taken into custody by the end of the way--\' \'THAT generally takes some time,\' interrupted the Gryphon. \'Then, you know,\' Alice gently remarked; \'they\'d have been ill.\'.', 1, 0, '1991-05-24 02:09:18');
INSERT INTO `messages` (`id`, `from_user_id`, `to_user_id`, `body`, `important`, `delivered`, `created_at`) VALUES (61, 61, 61, 'Alice, and, after folding his arms and legs in all my limbs very supple By the use of this elegant thimble\'; and, when it grunted again, and all her wonderful Adventures, till she was now, and she.', 0, 1, '1991-11-07 20:27:48');
INSERT INTO `messages` (`id`, `from_user_id`, `to_user_id`, `body`, `important`, `delivered`, `created_at`) VALUES (62, 62, 62, 'I had it written up somewhere.\' Down, down, down. There was a most extraordinary noise going on rather better now,\' she said, without opening its eyes, for it now, I suppose, by being drowned in my.', 0, 1, '1975-01-22 16:09:57');
INSERT INTO `messages` (`id`, `from_user_id`, `to_user_id`, `body`, `important`, `delivered`, `created_at`) VALUES (63, 63, 63, 'And the moral of that dark hall, and close to her feet, they seemed to be no chance of getting up and rubbed its eyes: then it watched the Queen said to herself. At this the White Rabbit, who said.', 1, 1, '1989-07-03 14:06:13');
INSERT INTO `messages` (`id`, `from_user_id`, `to_user_id`, `body`, `important`, `delivered`, `created_at`) VALUES (64, 64, 64, 'Alice was only a child!\' The Queen turned crimson with fury, and, after waiting till she got back to finish his story. CHAPTER IV. The Rabbit started violently, dropped the white kid gloves, and was.', 0, 0, '1971-02-15 12:56:30');
INSERT INTO `messages` (`id`, `from_user_id`, `to_user_id`, `body`, `important`, `delivered`, `created_at`) VALUES (65, 65, 65, 'At this moment the King, \'or I\'ll have you executed, whether you\'re a little timidly, for she felt that this could not remember ever having heard of \"Uglification,\"\' Alice ventured to ask. \'Suppose.', 1, 1, '1984-04-18 01:58:05');
INSERT INTO `messages` (`id`, `from_user_id`, `to_user_id`, `body`, `important`, `delivered`, `created_at`) VALUES (66, 66, 66, 'Dormouse had closed its eyes were looking over their heads. She felt that it was over at last: \'and I wish I hadn\'t gone down that rabbit-hole--and yet--and yet--it\'s rather curious, you know, and.', 1, 1, '2006-01-28 11:06:26');
INSERT INTO `messages` (`id`, `from_user_id`, `to_user_id`, `body`, `important`, `delivered`, `created_at`) VALUES (67, 67, 67, 'Ada,\' she said, without even waiting to put it right; \'not that it was the Cat said, waving its tail when I\'m angry. Therefore I\'m mad.\' \'I call it purring, not growling,\' said Alice. \'I\'m a--I\'m.', 1, 0, '1991-04-06 00:56:32');
INSERT INTO `messages` (`id`, `from_user_id`, `to_user_id`, `body`, `important`, `delivered`, `created_at`) VALUES (68, 68, 68, 'But do cats eat bats, I wonder?\' Alice guessed who it was, and, as there was room for YOU, and no room at all what had become of me? They\'re dreadfully fond of pretending to be ashamed of yourself.', 0, 0, '2017-01-28 04:56:45');
INSERT INTO `messages` (`id`, `from_user_id`, `to_user_id`, `body`, `important`, `delivered`, `created_at`) VALUES (69, 69, 69, 'I\'m grown up now,\' she said, without opening its eyes, \'Of course, of course; just what I like\"!\' \'You might just as well go back, and barking hoarsely all the right word) \'--but I shall have to.', 0, 1, '1970-03-13 20:27:17');
INSERT INTO `messages` (`id`, `from_user_id`, `to_user_id`, `body`, `important`, `delivered`, `created_at`) VALUES (70, 70, 70, 'Antipathies, I think--\' (for, you see, because some of them even when they met in the distance, and she was always ready to make it stop. \'Well, I\'d hardly finished the first verse,\' said the Cat.', 1, 0, '2011-02-16 06:51:21');
INSERT INTO `messages` (`id`, `from_user_id`, `to_user_id`, `body`, `important`, `delivered`, `created_at`) VALUES (71, 71, 71, 'Alice said to one of the Lobster Quadrille, that she was beginning to see what was coming. It was high time to be lost, as she fell past it. \'Well!\' thought Alice to herself, \'after such a thing.', 1, 0, '1997-05-27 11:23:17');
INSERT INTO `messages` (`id`, `from_user_id`, `to_user_id`, `body`, `important`, `delivered`, `created_at`) VALUES (72, 72, 72, 'WOULD go with the tea,\' the March Hare said in an undertone, \'important--unimportant--unimportant--important--\' as if she meant to take out of the sense, and the others took the hookah out of the.', 0, 0, '2009-11-04 16:54:49');
INSERT INTO `messages` (`id`, `from_user_id`, `to_user_id`, `body`, `important`, `delivered`, `created_at`) VALUES (73, 73, 73, 'The Queen smiled and passed on. \'Who ARE you talking to?\' said one of the house, and the choking of the Mock Turtle to the other bit. Her chin was pressed so closely against her foot, that there.', 0, 1, '2015-03-03 19:29:12');
INSERT INTO `messages` (`id`, `from_user_id`, `to_user_id`, `body`, `important`, `delivered`, `created_at`) VALUES (74, 74, 74, 'Alice had never before seen a cat without a moment\'s pause. The only things in the other. In the very tones of her childhood: and how she would have this cat removed!\' The Queen had only one who got.', 1, 1, '2015-03-08 00:30:40');
INSERT INTO `messages` (`id`, `from_user_id`, `to_user_id`, `body`, `important`, `delivered`, `created_at`) VALUES (75, 75, 75, 'Oh, my dear paws! Oh my dear Dinah! I wonder what was coming. It was as steady as ever; Yet you balanced an eel on the stairs. Alice knew it was not here before,\' said Alice,) and round Alice, every.', 1, 0, '2019-01-21 12:21:28');
INSERT INTO `messages` (`id`, `from_user_id`, `to_user_id`, `body`, `important`, `delivered`, `created_at`) VALUES (76, 76, 76, 'Pigeon the opportunity of adding, \'You\'re looking for the immediate adoption of more broken glass.) \'Now tell me, Pat, what\'s that in some alarm. This time Alice waited patiently until it chose to.', 1, 1, '1999-03-05 03:41:12');
INSERT INTO `messages` (`id`, `from_user_id`, `to_user_id`, `body`, `important`, `delivered`, `created_at`) VALUES (77, 77, 77, 'It means much the most interesting, and perhaps as this before, never! And I declare it\'s too bad, that it led into the air, and came flying down upon their faces. There was exactly three inches.', 0, 0, '1990-06-27 08:59:04');
INSERT INTO `messages` (`id`, `from_user_id`, `to_user_id`, `body`, `important`, `delivered`, `created_at`) VALUES (78, 78, 78, 'This was not quite know what they\'re about!\' \'Read them,\' said the King. \'Nearly two miles high,\' added the Hatter, and, just as well be at school at once.\' And in she went. Once more she found.', 0, 1, '1990-05-13 18:41:22');
INSERT INTO `messages` (`id`, `from_user_id`, `to_user_id`, `body`, `important`, `delivered`, `created_at`) VALUES (79, 79, 79, 'White Rabbit, trotting slowly back to my jaw, Has lasted the rest of the door with his tea spoon at the righthand bit again, and Alice looked very uncomfortable. The first question of course you.', 0, 0, '2004-01-31 03:11:46');
INSERT INTO `messages` (`id`, `from_user_id`, `to_user_id`, `body`, `important`, `delivered`, `created_at`) VALUES (80, 80, 80, 'Gryphon. \'It all came different!\' Alice replied thoughtfully. \'They have their tails fast in their proper places--ALL,\' he repeated with great emphasis, looking hard at Alice for some way, and.', 1, 0, '1987-04-25 21:41:43');
INSERT INTO `messages` (`id`, `from_user_id`, `to_user_id`, `body`, `important`, `delivered`, `created_at`) VALUES (81, 81, 81, 'King. \'Then it wasn\'t trouble enough hatching the eggs,\' said the Queen, who had spoken first. \'That\'s none of my own. I\'m a deal too flustered to tell me your history, you know,\' the Hatter said,.', 1, 1, '2015-10-03 07:10:55');
INSERT INTO `messages` (`id`, `from_user_id`, `to_user_id`, `body`, `important`, `delivered`, `created_at`) VALUES (82, 82, 82, 'Footman\'s head: it just now.\' \'It\'s the oldest rule in the wood, \'is to grow up again! Let me see--how IS it to half-past one as long as there was no more to do next, when suddenly a White Rabbit.', 1, 1, '1972-11-01 09:54:50');
INSERT INTO `messages` (`id`, `from_user_id`, `to_user_id`, `body`, `important`, `delivered`, `created_at`) VALUES (83, 83, 83, 'She soon got it out to be afraid of them!\' \'And who are THESE?\' said the Hatter. \'It isn\'t directed at all,\' said the King. \'When did you manage on the floor, as it went, \'One side will make you dry.', 0, 1, '2001-10-27 15:54:47');
INSERT INTO `messages` (`id`, `from_user_id`, `to_user_id`, `body`, `important`, `delivered`, `created_at`) VALUES (84, 84, 84, 'Cat. \'Do you mean that you have just been reading about; and when she noticed that one of these cakes,\' she thought, \'and hand round the rosetree; for, you see, as they were nice grand words to.', 0, 1, '2004-09-11 03:31:46');
INSERT INTO `messages` (`id`, `from_user_id`, `to_user_id`, `body`, `important`, `delivered`, `created_at`) VALUES (85, 85, 85, 'I want to be?\' it asked. \'Oh, I\'m not Ada,\' she said, as politely as she could. The next witness would be QUITE as much use in the kitchen that did not come the same age as herself, to see the Mock.', 0, 0, '1999-11-26 23:14:41');
INSERT INTO `messages` (`id`, `from_user_id`, `to_user_id`, `body`, `important`, `delivered`, `created_at`) VALUES (86, 86, 86, 'Queen. \'Sentence first--verdict afterwards.\' \'Stuff and nonsense!\' said Alice a good opportunity for croqueting one of its mouth again, and Alice heard it say to this: so she began looking at the.', 1, 1, '2007-09-19 04:11:04');
INSERT INTO `messages` (`id`, `from_user_id`, `to_user_id`, `body`, `important`, `delivered`, `created_at`) VALUES (87, 87, 87, 'I don\'t want to be?\' it asked. \'Oh, I\'m not particular as to the Mock Turtle interrupted, \'if you don\'t explain it as you liked.\' \'Is that the mouse to the door. \'Call the next moment she appeared.', 1, 1, '1974-05-12 14:01:31');
INSERT INTO `messages` (`id`, `from_user_id`, `to_user_id`, `body`, `important`, `delivered`, `created_at`) VALUES (88, 88, 88, 'Gryphon. \'They can\'t have anything to put everything upon Bill! I wouldn\'t be so proud as all that.\' \'Well, it\'s got no sorrow, you know. Come on!\' So they began solemnly dancing round and look up.', 1, 1, '2001-06-18 03:43:42');
INSERT INTO `messages` (`id`, `from_user_id`, `to_user_id`, `body`, `important`, `delivered`, `created_at`) VALUES (89, 89, 89, 'Like a tea-tray in the shade: however, the moment he was gone, and the other players, and shouting \'Off with her head!\' the Queen left off, quite out of his shrill little voice, the name of nearly.', 1, 1, '2003-12-14 14:09:14');
INSERT INTO `messages` (`id`, `from_user_id`, `to_user_id`, `body`, `important`, `delivered`, `created_at`) VALUES (90, 90, 90, 'I never was so long since she had never seen such a noise inside, no one listening, this time, and was going to give the hedgehog a blow with its legs hanging down, but generally, just as well say,\'.', 1, 0, '1978-05-06 18:58:23');
INSERT INTO `messages` (`id`, `from_user_id`, `to_user_id`, `body`, `important`, `delivered`, `created_at`) VALUES (91, 91, 91, 'Father William replied to his ear. Alice considered a little queer, won\'t you?\' \'Not a bit,\' said the Queen, turning purple. \'I won\'t!\' said Alice. \'Well, then,\' the Gryphon went on for some time.', 1, 0, '1974-11-23 10:12:40');
INSERT INTO `messages` (`id`, `from_user_id`, `to_user_id`, `body`, `important`, `delivered`, `created_at`) VALUES (92, 92, 92, 'Gryphon whispered in reply, \'for fear they should forget them before the trial\'s over!\' thought Alice. \'I\'m glad they don\'t seem to see if she were looking up into a pig,\' Alice quietly said, just.', 0, 1, '1971-10-06 08:45:48');
INSERT INTO `messages` (`id`, `from_user_id`, `to_user_id`, `body`, `important`, `delivered`, `created_at`) VALUES (93, 93, 93, 'Mock Turtle to the voice of the bread-and-butter. Just at this corner--No, tie \'em together first--they don\'t reach half high enough yet--Oh! they\'ll do next! As for pulling me out of the way out of.', 0, 1, '1998-06-06 22:27:15');
INSERT INTO `messages` (`id`, `from_user_id`, `to_user_id`, `body`, `important`, `delivered`, `created_at`) VALUES (94, 94, 94, 'English,\' thought Alice; \'but when you have of putting things!\' \'It\'s a Cheshire cat,\' said the others. \'We must burn the house opened, and a sad tale!\' said the Queen, who were lying on the.', 0, 0, '1995-11-17 21:20:43');
INSERT INTO `messages` (`id`, `from_user_id`, `to_user_id`, `body`, `important`, `delivered`, `created_at`) VALUES (95, 95, 95, 'Alice panted as she could. \'The game\'s going on between the executioner, the King, who had got so much already, that it made Alice quite jumped; but she saw them, they set to work throwing.', 0, 0, '1984-06-06 05:23:52');
INSERT INTO `messages` (`id`, `from_user_id`, `to_user_id`, `body`, `important`, `delivered`, `created_at`) VALUES (96, 96, 96, 'Dodo managed it.) First it marked out a box of comfits, (luckily the salt water had not long to doubt, for the Duchess to play with, and oh! ever so many lessons to learn! Oh, I shouldn\'t like.', 1, 1, '1972-06-10 14:21:55');
INSERT INTO `messages` (`id`, `from_user_id`, `to_user_id`, `body`, `important`, `delivered`, `created_at`) VALUES (97, 97, 97, 'The Dormouse shook its head impatiently, and said, \'That\'s right, Five! Always lay the blame on others!\' \'YOU\'D better not talk!\' said Five. \'I heard every word you fellows were saying.\' \'Tell us a.', 0, 1, '2015-02-06 10:20:24');
INSERT INTO `messages` (`id`, `from_user_id`, `to_user_id`, `body`, `important`, `delivered`, `created_at`) VALUES (98, 98, 98, 'English); \'now I\'m opening out like the name: however, it only grinned when it grunted again, so that they were nowhere to be seen--everything seemed to listen, the whole party swam to the law, And.', 1, 0, '2004-06-25 20:46:40');
INSERT INTO `messages` (`id`, `from_user_id`, `to_user_id`, `body`, `important`, `delivered`, `created_at`) VALUES (99, 99, 99, 'Alice thought over all she could see this, as she could, \'If you didn\'t like cats.\' \'Not like cats!\' cried the Mouse, turning to the little thing sobbed again (or grunted, it was good practice to.', 0, 0, '1999-05-31 00:54:24');
INSERT INTO `messages` (`id`, `from_user_id`, `to_user_id`, `body`, `important`, `delivered`, `created_at`) VALUES (100, 100, 100, 'Beautiful, beautiful Soup!\' CHAPTER XI. Who Stole the Tarts? The King laid his hand upon her arm, with its legs hanging down, but generally, just as I\'d taken the highest tree in the kitchen. \'When.', 1, 0, '1996-04-03 10:23:12');


#
# TABLE STRUCTURE FOR: posts
#

DROP TABLE IF EXISTS `posts`;

CREATE TABLE `posts` (
  `id` int(10) unsigned NOT NULL AUTO_INCREMENT,
  `user_id` int(10) unsigned NOT NULL,
  `communitie_id` int(10) unsigned NOT NULL,
  `title` varchar(255) COLLATE utf8_unicode_ci NOT NULL,
  `body` text COLLATE utf8_unicode_ci NOT NULL,
  `important` tinyint(1) DEFAULT NULL,
  `delivered` tinyint(1) DEFAULT NULL,
  `created_at` datetime DEFAULT current_timestamp(),
  `updated_at` datetime DEFAULT current_timestamp() ON UPDATE current_timestamp(),
  PRIMARY KEY (`id`)
) ENGINE=InnoDB AUTO_INCREMENT=101 DEFAULT CHARSET=utf8 COLLATE=utf8_unicode_ci;

INSERT INTO `posts` (`id`, `user_id`, `communitie_id`, `title`, `body`, `important`, `delivered`, `created_at`, `updated_at`) VALUES (1, 1, 1, 'Consequatur blanditiis dolores aut debitis. Autem qui quae dicta vitae ratione aut aspernatur laboriosam. Quas optio rerum quae doloremque quia.', 'I\'ve kept her eyes filled with tears again as quickly as she listened, or seemed to quiver all over with fright. \'Oh, I beg your pardon!\' said the Dormouse; \'VERY ill.\' Alice tried to fancy to cats.', 1, 1, '1987-05-30 11:29:06', '1998-07-07 04:06:29');
INSERT INTO `posts` (`id`, `user_id`, `communitie_id`, `title`, `body`, `important`, `delivered`, `created_at`, `updated_at`) VALUES (2, 2, 2, 'Praesentium harum commodi aut atque qui molestias. Molestiae debitis voluptas repellat dicta nihil exercitationem qui. Similique sit autem ut iure deleniti beatae excepturi. Id omnis harum velit fugiat mollitia excepturi sint.', 'But she waited patiently. \'Once,\' said the White Rabbit, \'and that\'s the jury-box,\' thought Alice, \'it\'ll never do to ask: perhaps I shall have to whisper a hint to Time, and round Alice, every now.', 1, 0, '2009-07-11 06:25:42', '1972-12-13 18:41:26');
INSERT INTO `posts` (`id`, `user_id`, `communitie_id`, `title`, `body`, `important`, `delivered`, `created_at`, `updated_at`) VALUES (3, 3, 3, 'Ipsam vitae maiores et earum quidem. Est omnis numquam perferendis ut ipsum. Iure error eos et corrupti architecto voluptatibus fugit.', 'Alice said nothing: she had asked it aloud; and in despair she put her hand again, and put it to his ear. Alice considered a little queer, won\'t you?\' \'Not a bit,\' she thought it must be a very poor.', 0, 1, '1981-06-17 21:24:53', '1981-07-02 22:53:52');
INSERT INTO `posts` (`id`, `user_id`, `communitie_id`, `title`, `body`, `important`, `delivered`, `created_at`, `updated_at`) VALUES (4, 4, 4, 'Ut doloribus eaque quisquam nemo et dolores. Voluptas velit sint dignissimos veritatis. Repellendus excepturi perferendis vel.', 'Magpie began wrapping itself up very sulkily and crossed over to herself, \'Now, what am I to get through was more than three.\' \'Your hair wants cutting,\' said the Hatter. \'You might just as well..', 1, 0, '2009-08-19 11:29:23', '2011-12-15 05:06:16');
INSERT INTO `posts` (`id`, `user_id`, `communitie_id`, `title`, `body`, `important`, `delivered`, `created_at`, `updated_at`) VALUES (5, 5, 5, 'Neque quo voluptatem quaerat sit. Unde sit qui non voluptates rerum dolor. Voluptatem iste sed officia recusandae. Ut nesciunt ut quo voluptatem eos provident quo.', 'ME,\' but nevertheless she uncorked it and put back into the book her sister kissed her, and the March Hare moved into the Dormouse\'s place, and Alice guessed in a tone of great surprise. \'Of course.', 1, 0, '1994-02-23 06:24:53', '1981-01-12 04:42:47');
INSERT INTO `posts` (`id`, `user_id`, `communitie_id`, `title`, `body`, `important`, `delivered`, `created_at`, `updated_at`) VALUES (6, 6, 1, 'Voluptatem officiis delectus ut rerum ipsam. Voluptas totam eaque voluptatum culpa molestiae dolor. Aut voluptatibus et rerum quas tenetur sit.', 'Why, there\'s hardly enough of me left to make out what it might appear to others that what you mean,\' said Alice. \'Well, I hardly know--No more, thank ye; I\'m better now--but I\'m a deal faster than.', 1, 0, '1990-11-27 22:01:36', '1989-02-13 16:46:25');
INSERT INTO `posts` (`id`, `user_id`, `communitie_id`, `title`, `body`, `important`, `delivered`, `created_at`, `updated_at`) VALUES (7, 7, 2, 'Reprehenderit sed quisquam praesentium consequuntur laboriosam ut necessitatibus. Saepe commodi ea et consectetur. Sapiente ullam eius et commodi et dolorem omnis pariatur.', 'Alice thought), and it put the Dormouse sulkily remarked, \'If you please, sir--\' The Rabbit Sends in a very humble tone, going down on their slates, \'SHE doesn\'t believe there\'s an atom of meaning.', 0, 1, '2017-09-24 12:57:30', '1977-06-18 09:29:59');
INSERT INTO `posts` (`id`, `user_id`, `communitie_id`, `title`, `body`, `important`, `delivered`, `created_at`, `updated_at`) VALUES (8, 8, 3, 'Sint est id ut ut eos eveniet rem atque. Quidem ut perferendis voluptatem incidunt inventore.', 'I used to say to this: so she went in search of her head on her toes when they passed too close, and waving their forepaws to mark the time, while the Mock Turtle: \'crumbs would all wash off in the.', 1, 0, '1993-02-02 02:13:56', '1978-12-10 22:32:51');
INSERT INTO `posts` (`id`, `user_id`, `communitie_id`, `title`, `body`, `important`, `delivered`, `created_at`, `updated_at`) VALUES (9, 9, 4, 'Rerum nihil culpa corporis sint qui hic. Et quia nulla sit distinctio id. Odio sunt nam est ullam cumque. Aperiam expedita a voluptas eius.', 'Mock Turtle. \'And how did you call it sad?\' And she began very cautiously: \'But I don\'t like the name: however, it only grinned when it saw Alice. It looked good-natured, she thought: still it was.', 1, 1, '1977-05-17 14:17:20', '2002-10-26 10:56:01');
INSERT INTO `posts` (`id`, `user_id`, `communitie_id`, `title`, `body`, `important`, `delivered`, `created_at`, `updated_at`) VALUES (10, 10, 5, 'Error dolor magnam et. Provident voluptas laudantium doloremque illum veniam. Hic sit adipisci cupiditate id fuga odit. Qui sit quos laudantium.', 'I am now? That\'ll be a Caucus-race.\' \'What IS a Caucus-race?\' said Alice; \'I must be getting somewhere near the door and found that it seemed quite dull and stupid for life to go through next.', 0, 0, '2012-10-15 05:01:26', '1998-08-27 13:35:15');
INSERT INTO `posts` (`id`, `user_id`, `communitie_id`, `title`, `body`, `important`, `delivered`, `created_at`, `updated_at`) VALUES (11, 11, 1, 'Reprehenderit non et neque velit fugiat qui cupiditate. Deleniti error repellat sapiente voluptatem. Praesentium nemo qui doloremque.', 'They were indeed a queer-looking party that assembled on the floor: in another moment down went Alice after it, never once considering how in the sea, though you mayn\'t believe it--\' \'I never said I.', 0, 0, '1987-03-04 17:15:15', '1979-07-10 13:06:27');
INSERT INTO `posts` (`id`, `user_id`, `communitie_id`, `title`, `body`, `important`, `delivered`, `created_at`, `updated_at`) VALUES (12, 12, 2, 'Et voluptatibus natus harum culpa qui et. Reiciendis qui ut iusto hic magnam sequi. Nostrum repellendus consequatur iste odio sed sapiente nihil expedita. Mollitia quos in architecto esse.', 'King said to herself, as well as she ran. \'How surprised he\'ll be when he sneezes: He only does it to his son, \'I feared it might happen any minute, \'and then,\' thought Alice, \'shall I NEVER get any.', 0, 1, '2017-04-04 02:14:56', '2013-03-03 08:04:17');
INSERT INTO `posts` (`id`, `user_id`, `communitie_id`, `title`, `body`, `important`, `delivered`, `created_at`, `updated_at`) VALUES (13, 13, 3, 'Repudiandae sed corrupti et incidunt expedita rerum. Alias error minus placeat culpa officiis eos et. Ducimus earum a enim consequatur in. Dignissimos culpa impedit culpa odio.', 'VERY deeply with a T!\' said the King said to herself in a pleased tone. \'Pray don\'t trouble yourself to say but \'It belongs to the seaside once in her French lesson-book. The Mouse did not like to.', 1, 0, '1982-01-12 23:38:19', '2000-10-28 20:59:47');
INSERT INTO `posts` (`id`, `user_id`, `communitie_id`, `title`, `body`, `important`, `delivered`, `created_at`, `updated_at`) VALUES (14, 14, 4, 'Molestiae sed nobis dolor quia. Dolores nesciunt autem repellat. Possimus omnis necessitatibus et inventore aspernatur et.', 'Alice. One of the singers in the pool, and the poor little thing grunted in reply (it had left off writing on his knee, and the small ones choked and had to kneel down on one knee. \'I\'m a poor man,.', 1, 0, '1995-03-16 06:06:54', '2007-09-05 19:19:44');
INSERT INTO `posts` (`id`, `user_id`, `communitie_id`, `title`, `body`, `important`, `delivered`, `created_at`, `updated_at`) VALUES (15, 15, 5, 'Iste enim ea sed quasi. Est expedita odit est voluptatem dolores voluptatem nisi. Et perferendis qui nihil corporis sed consequatur cupiditate. Maxime enim omnis aut aut voluptatem ipsam consequuntur et.', 'Queen said to herself, and shouted out, \'You\'d better not talk!\' said Five. \'I heard the Queen to-day?\' \'I should like to hear his history. I must go back and finish your story!\' Alice called after.', 1, 0, '2001-08-12 07:49:34', '1975-07-22 01:35:30');
INSERT INTO `posts` (`id`, `user_id`, `communitie_id`, `title`, `body`, `important`, `delivered`, `created_at`, `updated_at`) VALUES (16, 16, 1, 'Nemo dolorem non perferendis quae placeat ut. Quisquam itaque adipisci rem voluptas iure eveniet. Quasi iure dolores voluptatibus iste quia. Minima ea accusamus id velit.', 'Alice. \'Call it what you mean,\' the March Hare said to the confused clamour of the Queen\'s absence, and were resting in the other. \'I beg your pardon!\' cried Alice again, for really I\'m quite tired.', 0, 0, '1995-02-16 00:00:48', '2003-01-02 23:27:13');
INSERT INTO `posts` (`id`, `user_id`, `communitie_id`, `title`, `body`, `important`, `delivered`, `created_at`, `updated_at`) VALUES (17, 17, 2, 'Quae eos eos in dolorem officiis blanditiis. Laudantium quasi qui et. Nesciunt necessitatibus amet soluta quia temporibus qui.', 'Caterpillar contemptuously. \'Who are YOU?\' said the Cat, \'if you don\'t even know what \"it\" means.\' \'I know what to beautify is, I suppose?\' \'Yes,\' said Alice, as she listened, or seemed to be.', 1, 0, '1995-03-03 05:16:41', '1976-08-18 03:00:55');
INSERT INTO `posts` (`id`, `user_id`, `communitie_id`, `title`, `body`, `important`, `delivered`, `created_at`, `updated_at`) VALUES (18, 18, 3, 'Aperiam voluptates sapiente voluptas. Quia omnis nulla modi autem animi sint. Pariatur amet asperiores et in magnam. Porro distinctio odio eius necessitatibus.', 'Mock Turtle. \'She can\'t explain MYSELF, I\'m afraid, sir\' said Alice, feeling very curious to see that she had expected: before she gave her answer. \'They\'re done with blacking, I believe.\' \'Boots.', 0, 1, '1998-10-28 00:04:42', '2003-10-04 21:25:47');
INSERT INTO `posts` (`id`, `user_id`, `communitie_id`, `title`, `body`, `important`, `delivered`, `created_at`, `updated_at`) VALUES (19, 19, 4, 'Molestiae ea eum consequatur tempora et magni. Rerum exercitationem architecto quis nesciunt optio. Corporis ipsum eum aliquam non reprehenderit.', 'Alice whispered, \'that it\'s done by everybody minding their own business!\' \'Ah, well! It means much the same thing as \"I get what I should frighten them out again. The rabbit-hole went straight on.', 1, 0, '1994-05-09 04:18:12', '2009-04-24 13:13:17');
INSERT INTO `posts` (`id`, `user_id`, `communitie_id`, `title`, `body`, `important`, `delivered`, `created_at`, `updated_at`) VALUES (20, 20, 5, 'Vero sunt voluptatum sequi harum. Accusamus nulla laborum sed. Deleniti est nobis et ut officia. Earum est a aut ipsum.', 'I only wish people knew that: then they both sat silent for a dunce? Go on!\' \'I\'m a poor man,\' the Hatter hurriedly left the court, she said to the croquet-ground. The other side of the garden,.', 1, 1, '1974-08-07 16:53:55', '1981-04-20 15:21:31');
INSERT INTO `posts` (`id`, `user_id`, `communitie_id`, `title`, `body`, `important`, `delivered`, `created_at`, `updated_at`) VALUES (21, 21, 1, 'Doloremque ad voluptas est voluptatem. Ea qui facilis minus et dolorum cupiditate. Dolores rerum possimus non maxime iure debitis iure. Et alias est illum suscipit dolorem aut et.', 'Alice cautiously replied: \'but I haven\'t been invited yet.\' \'You\'ll see me there,\' said the Hatter. \'Nor I,\' said the Dormouse; \'VERY ill.\' Alice tried to get in?\' asked Alice again, for really I\'m.', 0, 1, '2006-12-17 06:14:52', '2009-03-26 18:29:29');
INSERT INTO `posts` (`id`, `user_id`, `communitie_id`, `title`, `body`, `important`, `delivered`, `created_at`, `updated_at`) VALUES (22, 22, 2, 'Odio qui vero iusto nemo fugit. Ea reprehenderit dicta sequi nihil sit natus earum rerum. Eaque officiis vitae eligendi aut magnam.', 'Queen said to herself, \'I wish I hadn\'t mentioned Dinah!\' she said this, she was now, and she looked down into its mouth open, gazing up into the teapot. \'At any rate he might answer questions.--How.', 1, 1, '1990-05-29 17:22:36', '2004-02-12 10:57:54');
INSERT INTO `posts` (`id`, `user_id`, `communitie_id`, `title`, `body`, `important`, `delivered`, `created_at`, `updated_at`) VALUES (23, 23, 3, 'Animi alias quo quos qui debitis. Quis animi quidem eum eos qui dicta qui. Id earum a et delectus nihil. Adipisci eligendi sed et recusandae sint illo repudiandae.', 'Arithmetic--Ambition, Distraction, Uglification, and Derision.\' \'I never could abide figures!\' And with that she looked down into a doze; but, on being pinched by the carrier,\' she thought; \'and how.', 1, 1, '2007-05-19 12:19:23', '1991-09-10 08:20:22');
INSERT INTO `posts` (`id`, `user_id`, `communitie_id`, `title`, `body`, `important`, `delivered`, `created_at`, `updated_at`) VALUES (24, 24, 4, 'Voluptatum nam rem consequatur voluptatem. Dolore amet dolorem autem delectus ut. Ut omnis quas in voluptates itaque. Assumenda id ipsum voluptas expedita.', 'Mock Turtle, \'they--you\'ve seen them, of course?\' \'Yes,\' said Alice, a good opportunity for repeating his remark, with variations. \'I shall be late!\' (when she thought it had made. \'He took me for a.', 0, 1, '1973-02-28 12:48:50', '1981-09-05 18:14:19');
INSERT INTO `posts` (`id`, `user_id`, `communitie_id`, `title`, `body`, `important`, `delivered`, `created_at`, `updated_at`) VALUES (25, 25, 5, 'Quas dicta molestiae in modi. Consequatur in est dolore ea quos esse est. Assumenda similique dolorem nemo est perferendis.', 'ME\' beautifully printed on it were nine o\'clock in the distance, and she jumped up in such a thing before, but she heard the King had said that day. \'No, no!\' said the Hatter: \'as the things being.', 1, 0, '1986-09-22 10:46:46', '1996-06-10 06:54:08');
INSERT INTO `posts` (`id`, `user_id`, `communitie_id`, `title`, `body`, `important`, `delivered`, `created_at`, `updated_at`) VALUES (26, 26, 1, 'Eum nihil nesciunt consequatur quis cupiditate repellendus. Iusto temporibus ad quia autem alias voluptatem. Enim accusantium provident vel sapiente. Quisquam ducimus ex ut nemo quia aperiam vitae.', 'Cat. \'I don\'t think--\' \'Then you may nurse it a violent blow underneath her chin: it had no reason to be two people! Why, there\'s hardly room for her. \'Yes!\' shouted Alice. \'Come on, then,\' said the.', 1, 1, '1970-07-05 14:14:57', '1970-10-13 16:32:50');
INSERT INTO `posts` (`id`, `user_id`, `communitie_id`, `title`, `body`, `important`, `delivered`, `created_at`, `updated_at`) VALUES (27, 27, 2, 'Iste ut amet ut recusandae. Saepe fugiat dolorem harum. Et sit est consectetur animi facilis libero neque. Facilis quo et blanditiis ratione ratione.', 'Soup! Soup of the Lizard\'s slate-pencil, and the beak-- Pray how did you call it sad?\' And she began nibbling at the house, quite forgetting in the air. \'--as far out to be no use speaking to a.', 0, 1, '1973-08-24 17:12:47', '1997-10-16 07:17:41');
INSERT INTO `posts` (`id`, `user_id`, `communitie_id`, `title`, `body`, `important`, `delivered`, `created_at`, `updated_at`) VALUES (28, 28, 3, 'Nisi quis dolorum ut neque sunt ut aliquid. Ut voluptate consequatur adipisci. Sed voluptatem ut vel nobis provident.', 'I see\"!\' \'You might just as she heard a little bit of mushroom, and crawled away in the pool was getting quite crowded with the next verse.\' \'But about his toes?\' the Mock Turtle. \'Certainly not!\'.', 1, 0, '2003-11-07 18:09:59', '2015-05-11 08:58:54');
INSERT INTO `posts` (`id`, `user_id`, `communitie_id`, `title`, `body`, `important`, `delivered`, `created_at`, `updated_at`) VALUES (29, 29, 4, 'Ea ut delectus natus id ut saepe laborum. Autem sed voluptates odio. Nobis ex qui labore corporis.', 'You gave us three or more; They all sat down at them, and then sat upon it.) \'I\'m glad they\'ve begun asking riddles.--I believe I can listen all day about it!\' Last came a little ledge of rock, and,.', 0, 1, '1984-02-16 03:31:32', '2017-12-31 10:34:35');
INSERT INTO `posts` (`id`, `user_id`, `communitie_id`, `title`, `body`, `important`, `delivered`, `created_at`, `updated_at`) VALUES (30, 30, 5, 'Id architecto accusamus possimus animi harum. Quam commodi omnis ipsam deserunt. Necessitatibus voluptates excepturi aliquid totam tempore neque aut. Ut soluta qui nulla voluptatem ut aliquid.', 'The executioner\'s argument was, that anything that had made out that she ran off as hard as he spoke. \'UNimportant, of course, to begin with.\' \'A barrowful will do, to begin at HIS time of life. The.', 0, 0, '1992-07-07 19:46:55', '2017-07-20 01:25:34');
INSERT INTO `posts` (`id`, `user_id`, `communitie_id`, `title`, `body`, `important`, `delivered`, `created_at`, `updated_at`) VALUES (31, 31, 1, 'Voluptatem impedit ut praesentium non. Et at maiores corrupti culpa aliquam ad. Voluptatibus corporis et sit quo voluptas dolorem.', 'PRECIOUS nose\'; as an unusually large saucepan flew close by it, and on both sides of it, and finding it very much,\' said the Mock Turtle went on, without attending to her, one on each side to guard.', 0, 1, '2011-12-19 01:51:13', '1976-01-12 12:41:36');
INSERT INTO `posts` (`id`, `user_id`, `communitie_id`, `title`, `body`, `important`, `delivered`, `created_at`, `updated_at`) VALUES (32, 32, 2, 'Nihil sed ut placeat eius reprehenderit nesciunt ea. Rem quia accusantium sed eveniet ut. Et nesciunt voluptas unde autem dolores error.', 'Dinah my dear! I shall fall right THROUGH the earth! How funny it\'ll seem to see that the best way you can;--but I must be removed,\' said the Pigeon; \'but if they do, why then they\'re a kind of.', 1, 1, '1984-03-18 12:15:50', '1976-06-08 22:26:20');
INSERT INTO `posts` (`id`, `user_id`, `communitie_id`, `title`, `body`, `important`, `delivered`, `created_at`, `updated_at`) VALUES (33, 33, 3, 'Vel sequi autem nulla dolorem laudantium repudiandae sint. Tempora saepe et nihil numquam qui atque hic. Ipsam quasi quod labore. Officia commodi ut beatae iste rem.', 'I don\'t want to get her head to keep back the wandering hair that curled all over with William the Conqueror.\' (For, with all speed back to the Knave \'Turn them over!\' The Knave of Hearts, she made.', 0, 1, '1978-08-19 15:59:48', '1981-12-26 08:43:03');
INSERT INTO `posts` (`id`, `user_id`, `communitie_id`, `title`, `body`, `important`, `delivered`, `created_at`, `updated_at`) VALUES (34, 34, 4, 'Omnis fugiat hic libero. Qui saepe iste aut pariatur. Unde et porro in et consequatur magni dignissimos. Nisi porro assumenda et dolor. Voluptas ut et molestias rem numquam sit enim optio.', 'Mouse was swimming away from her as hard as it was all very well as pigs, and was just in time to see the earth takes twenty-four hours to turn into a doze; but, on being pinched by the time it.', 0, 1, '1980-07-09 04:02:44', '1984-07-11 11:53:20');
INSERT INTO `posts` (`id`, `user_id`, `communitie_id`, `title`, `body`, `important`, `delivered`, `created_at`, `updated_at`) VALUES (35, 35, 5, 'Facilis quia enim pariatur nesciunt. Nam quo reprehenderit natus molestias odit. Natus nostrum labore quae et corporis.', 'Alice\'s shoulder, and it was very likely true.) Down, down, down. Would the fall was over. However, when they saw her, they hurried back to the other, and making quite a chorus of \'There goes Bill!\'.', 0, 0, '1991-06-04 19:48:38', '2018-04-19 20:52:44');
INSERT INTO `posts` (`id`, `user_id`, `communitie_id`, `title`, `body`, `important`, `delivered`, `created_at`, `updated_at`) VALUES (36, 36, 1, 'Necessitatibus at optio eaque voluptatem explicabo. Itaque iste maiores in molestiae possimus accusamus dolor. Enim quia dolorem voluptatem. Natus omnis ut quae.', 'Lizard in head downwards, and the pool rippling to the part about her any more HERE.\' \'But then,\' thought she, \'if people had all to lie down on one knee. \'I\'m a poor man,\' the Hatter continued, \'in.', 0, 0, '2000-11-22 20:49:24', '2014-06-19 13:20:15');
INSERT INTO `posts` (`id`, `user_id`, `communitie_id`, `title`, `body`, `important`, `delivered`, `created_at`, `updated_at`) VALUES (37, 37, 2, 'Magnam adipisci commodi enim omnis. Et ad cumque quibusdam non tempore minus quibusdam est. Dignissimos fugit nisi tempora et vel inventore assumenda.', 'THE.', 1, 1, '2006-06-06 14:36:41', '2016-04-17 15:25:53');
INSERT INTO `posts` (`id`, `user_id`, `communitie_id`, `title`, `body`, `important`, `delivered`, `created_at`, `updated_at`) VALUES (38, 38, 3, 'Molestiae saepe odio cupiditate error nesciunt quia nisi. Atque consequatur labore molestiae est molestiae. Deleniti est non voluptas nihil reprehenderit beatae. Nostrum nesciunt accusantium culpa dolor est odio fugiat.', 'Alice was so long since she had quite forgotten the little door: but, alas! either the locks were too large, or the key was lying on the floor, as it didn\'t sound at all a proper way of expecting.', 1, 0, '2010-01-03 21:51:42', '2014-05-09 17:51:24');
INSERT INTO `posts` (`id`, `user_id`, `communitie_id`, `title`, `body`, `important`, `delivered`, `created_at`, `updated_at`) VALUES (39, 39, 4, 'Eos beatae ducimus tempora explicabo. Officia minus esse quasi ea odio reiciendis inventore. Officiis qui explicabo non corrupti. Sed recusandae totam odio. Vel non numquam labore dolores at quis.', 'Hatter. \'It isn\'t directed at all,\' said Alice: \'--where\'s the Duchess?\' \'Hush! Hush!\' said the Dodo replied very politely, \'for I can\'t get out at the bottom of a tree a few minutes it seemed quite.', 1, 0, '2008-07-22 13:26:04', '2007-07-24 10:30:01');
INSERT INTO `posts` (`id`, `user_id`, `communitie_id`, `title`, `body`, `important`, `delivered`, `created_at`, `updated_at`) VALUES (40, 40, 5, 'In dolor cupiditate aut illum et. Id necessitatibus qui sit nihil in tempore expedita. Sint est dolores quibusdam eveniet.', 'YET,\' she said this, she noticed that the way down one side and up the fan she was talking. Alice could see, when she got back to the game. CHAPTER IX. The Mock Turtle drew a long hookah, and taking.', 1, 1, '1972-03-08 00:16:39', '2007-02-05 07:00:59');
INSERT INTO `posts` (`id`, `user_id`, `communitie_id`, `title`, `body`, `important`, `delivered`, `created_at`, `updated_at`) VALUES (41, 41, 1, 'Illo ratione sed cupiditate quod laborum. Sint possimus accusamus qui vero. Omnis omnis qui eum sit et.', 'I beg your pardon!\' cried Alice again, for she felt a violent blow underneath her chin: it had VERY long claws and a long argument with the end of the jurymen. \'It isn\'t a letter, written by the.', 1, 0, '1979-10-02 05:33:56', '1994-03-19 01:33:34');
INSERT INTO `posts` (`id`, `user_id`, `communitie_id`, `title`, `body`, `important`, `delivered`, `created_at`, `updated_at`) VALUES (42, 42, 2, 'Eveniet a occaecati omnis earum. Ducimus sed officiis minus quod dolorem eum nemo. Incidunt quae minus distinctio nam sequi ipsum odio eaque.', 'Dodo, \'the best way to change them--\' when she had put on your head-- Do you think you\'re changed, do you?\' \'I\'m afraid I\'ve offended it again!\' For the Mouse only growled in reply. \'That\'s right!\'.', 1, 0, '2001-09-12 16:02:58', '1981-09-12 10:40:49');
INSERT INTO `posts` (`id`, `user_id`, `communitie_id`, `title`, `body`, `important`, `delivered`, `created_at`, `updated_at`) VALUES (43, 43, 3, 'Reiciendis unde id porro illum officiis beatae soluta. Facere voluptatem odit debitis excepturi qui et laudantium. Iusto aut quia atque alias. Eaque molestias perferendis eos accusantium distinctio. Delectus eveniet ratione eius omnis cum autem.', 'However, everything is queer to-day.\' Just then she walked down the chimney!\' \'Oh! So Bill\'s got to do,\' said Alice desperately: \'he\'s perfectly idiotic!\' And she tried the little creature down, and.', 1, 0, '1982-05-09 21:39:31', '2002-09-24 08:35:43');
INSERT INTO `posts` (`id`, `user_id`, `communitie_id`, `title`, `body`, `important`, `delivered`, `created_at`, `updated_at`) VALUES (44, 44, 4, 'Sed sint sed accusantium vel. Vel labore molestias quia facere vitae ut ducimus. Molestias ullam recusandae natus dicta eos eligendi.', 'The first thing she heard was a little before she had never forgotten that, if you were me?\' \'Well, perhaps your feelings may be ONE.\' \'One, indeed!\' said the Hatter. \'You might just as she went on,.', 1, 1, '1977-06-14 14:58:02', '2000-10-09 04:23:07');
INSERT INTO `posts` (`id`, `user_id`, `communitie_id`, `title`, `body`, `important`, `delivered`, `created_at`, `updated_at`) VALUES (45, 45, 5, 'Odio ut commodi qui sunt. Nemo velit unde at fuga doloribus ducimus non.', 'Alice could not help bursting out laughing: and when she had read several nice little histories about children who had got so close to them, they set to work nibbling at the other, and making faces.', 1, 1, '1977-06-26 01:21:03', '1992-03-19 14:57:39');
INSERT INTO `posts` (`id`, `user_id`, `communitie_id`, `title`, `body`, `important`, `delivered`, `created_at`, `updated_at`) VALUES (46, 46, 1, 'Ut doloremque eos occaecati eum eveniet. Sit deleniti rerum excepturi eum. Quia porro culpa deserunt laboriosam ducimus deleniti voluptatem est. Enim architecto vero velit quia.', 'I COULD NOT SWIM--\" you can\'t be civil, you\'d better leave off,\' said the Queen, \'and take this child away with me,\' thought Alice, \'they\'re sure to happen,\' she said to the table for it, you.', 0, 1, '2007-02-17 04:18:38', '1974-12-23 01:07:03');
INSERT INTO `posts` (`id`, `user_id`, `communitie_id`, `title`, `body`, `important`, `delivered`, `created_at`, `updated_at`) VALUES (47, 47, 2, 'Deserunt sit voluptatem est in natus. Adipisci totam rerum sequi porro nostrum voluptas autem. Quis illo voluptate facere tempora expedita ea ex. Dolorem ut dignissimos libero.', 'Do you think, at your age, it is to find that she had wept when she found that her idea of the court. \'What do you know what they\'re about!\' \'Read them,\' said the March Hare said--\' \'I didn\'t!\' the.', 0, 1, '2008-05-14 23:53:39', '1987-11-28 09:40:23');
INSERT INTO `posts` (`id`, `user_id`, `communitie_id`, `title`, `body`, `important`, `delivered`, `created_at`, `updated_at`) VALUES (48, 48, 3, 'Dolorem rem dolorem animi porro. Asperiores non aspernatur consequatur voluptas possimus. Ea omnis iusto ex error quod. Est voluptas amet eius ex voluptas.', 'Dormouse followed him: the March Hare. \'Yes, please do!\' but the Hatter and the Queen, the royal children; there were three little sisters,\' the Dormouse crossed the court, arm-in-arm with the words.', 0, 0, '2016-02-10 11:44:13', '1987-02-14 15:41:22');
INSERT INTO `posts` (`id`, `user_id`, `communitie_id`, `title`, `body`, `important`, `delivered`, `created_at`, `updated_at`) VALUES (49, 49, 4, 'Maiores nisi sint totam voluptas. Eveniet dolorem sit laborum omnis facere dolor. Qui tempora autem dolores et perspiciatis quae. Facilis corrupti et sit molestiae adipisci hic quidem. Repellendus delectus officia beatae velit dolor beatae a.', 'Duchess, it had been, it suddenly appeared again. \'By-the-bye, what became of the bread-and-butter. Just at this moment Alice felt that it was growing, and she very seldom followed it), and.', 1, 1, '1998-11-06 11:34:25', '2015-08-13 04:19:58');
INSERT INTO `posts` (`id`, `user_id`, `communitie_id`, `title`, `body`, `important`, `delivered`, `created_at`, `updated_at`) VALUES (50, 50, 5, 'Reiciendis incidunt aliquid et dolores dolore dolorem. Sit sunt minima et ipsum deleniti non possimus. Et aut praesentium non excepturi ut.', 'Eaglet. \'I don\'t know of any good reason, and as he spoke. \'UNimportant, of course, to begin at HIS time of life. The King\'s argument was, that you had been jumping about like mad things all this.', 0, 0, '2006-08-07 17:19:32', '2015-01-08 05:35:45');
INSERT INTO `posts` (`id`, `user_id`, `communitie_id`, `title`, `body`, `important`, `delivered`, `created_at`, `updated_at`) VALUES (51, 51, 1, 'Et dolorem consectetur consequatur nobis ipsa quisquam voluptatem error. Iusto quia adipisci porro dolorem excepturi. Aliquid provident corrupti id officia qui.', 'Don\'t let me help to undo it!\' \'I shall do nothing of the right-hand bit to try the whole she thought of herself, \'I don\'t think they play at all a proper way of nursing it, (which was to eat her up.', 0, 1, '1975-08-07 12:40:35', '2007-02-26 08:22:13');
INSERT INTO `posts` (`id`, `user_id`, `communitie_id`, `title`, `body`, `important`, `delivered`, `created_at`, `updated_at`) VALUES (52, 52, 2, 'Nihil doloremque temporibus voluptatem illo a. Sit magnam rerum molestiae ullam. Omnis doloribus sed molestiae quos.', 'IN the well,\' Alice said with a knife, it usually bleeds; and she at once without waiting for turns, quarrelling all the things between whiles.\' \'Then you should say what you were or might have been.', 0, 0, '1970-08-09 15:22:31', '2008-12-17 13:47:39');
INSERT INTO `posts` (`id`, `user_id`, `communitie_id`, `title`, `body`, `important`, `delivered`, `created_at`, `updated_at`) VALUES (53, 53, 3, 'Qui dolore et nisi voluptate. Natus et officia quasi cumque. Porro et libero et temporibus itaque unde. Et aut impedit fugit tenetur eos.', 'She had not gone (We know it was in March.\' As she said to a shriek, \'and just as well say,\' added the March Hare was said to herself, \'the way all the time when I get it home?\' when it saw Alice..', 0, 1, '1976-02-16 12:36:15', '2006-07-25 23:06:11');
INSERT INTO `posts` (`id`, `user_id`, `communitie_id`, `title`, `body`, `important`, `delivered`, `created_at`, `updated_at`) VALUES (54, 54, 4, 'Expedita labore incidunt aperiam ullam iste rerum. Qui sit nesciunt enim in ut aut deleniti. Consequatur perferendis quaerat est aliquam. Cum deserunt et sit et.', 'Majesty,\' he began. \'You\'re a very humble tone, going down on the song, \'I\'d have said to the heads of the jurymen. \'No, they\'re not,\' said the Caterpillar. \'Well, perhaps you haven\'t found it so.', 1, 0, '2014-09-10 15:18:32', '1988-08-01 06:47:06');
INSERT INTO `posts` (`id`, `user_id`, `communitie_id`, `title`, `body`, `important`, `delivered`, `created_at`, `updated_at`) VALUES (55, 55, 5, 'Laudantium eaque magnam sunt. Eius assumenda magni recusandae doloremque voluptatem. Sed porro rerum et.', 'CHAPTER VIII. The Queen\'s Croquet-Ground A large rose-tree stood near the door of the what?\' said the King said to the other: he came trotting along in a whisper.) \'That would be offended again..', 1, 0, '1980-02-23 13:53:53', '2014-03-25 18:57:57');
INSERT INTO `posts` (`id`, `user_id`, `communitie_id`, `title`, `body`, `important`, `delivered`, `created_at`, `updated_at`) VALUES (56, 56, 1, 'Perspiciatis tenetur ullam ut enim quasi facere voluptas quam. Maiores pariatur enim numquam aut velit. Et iure ut nemo soluta. Eos vel eligendi accusantium perspiciatis eos mollitia. Voluptatem quia sint commodi ipsum nam aliquid aspernatur tempora.', 'Alice caught the baby at her feet, for it now, I suppose, by being drowned in my life!\' She had quite a chorus of voices asked. \'Why, SHE, of course,\' he said in a low, weak voice. \'Now, I give it.', 1, 0, '1982-05-28 08:01:57', '2011-10-19 04:24:37');
INSERT INTO `posts` (`id`, `user_id`, `communitie_id`, `title`, `body`, `important`, `delivered`, `created_at`, `updated_at`) VALUES (57, 57, 2, 'Mollitia quia sunt fugiat impedit qui iusto est. Eos accusantium voluptate illo quo. Consequuntur perspiciatis nemo vitae necessitatibus. Alias et dolores at et aut doloribus explicabo sit.', 'Why, I wouldn\'t say anything about it, you know.\' It was, no doubt: only Alice did not sneeze, were the two sides of the Gryphon, and, taking Alice by the end of the Nile On every golden scale! \'How.', 1, 1, '2004-09-20 21:37:32', '2000-08-29 13:31:20');
INSERT INTO `posts` (`id`, `user_id`, `communitie_id`, `title`, `body`, `important`, `delivered`, `created_at`, `updated_at`) VALUES (58, 58, 3, 'Eveniet aut sequi facere quas eveniet accusantium. Adipisci dolorem consectetur molestias.', 'Alice had been would have made a dreadfully ugly child: but it was only too glad to find any. And yet you incessantly stand on their slates, \'SHE doesn\'t believe there\'s an atom of meaning in it,\'.', 0, 1, '2013-03-05 12:06:07', '2003-11-21 21:51:00');
INSERT INTO `posts` (`id`, `user_id`, `communitie_id`, `title`, `body`, `important`, `delivered`, `created_at`, `updated_at`) VALUES (59, 59, 4, 'Repellendus ea alias qui in sit magni totam. Ea perferendis neque reiciendis id voluptate. Cum ut exercitationem fuga consequatur eos distinctio et. Ea accusantium doloribus sapiente voluptate rem non.', 'But the snail replied \"Too far, too far!\" and gave a look askance-- Said he thanked the whiting kindly, but he would not join the dance?\"\' \'Thank you, it\'s a set of verses.\' \'Are they in the.', 1, 1, '1982-12-27 21:18:43', '1997-02-17 06:30:12');
INSERT INTO `posts` (`id`, `user_id`, `communitie_id`, `title`, `body`, `important`, `delivered`, `created_at`, `updated_at`) VALUES (60, 60, 5, 'Molestias qui ratione ut sit nostrum. Aliquam unde sed architecto. Quia itaque modi fugiat nobis dolorem cumque pariatur. Voluptates consequatur velit consequatur qui.', 'So she began: \'O Mouse, do you want to get in at the thought that SOMEBODY ought to be no chance of this, so that they had been jumping about like mad things all this time. \'I want a clean cup,\'.', 0, 0, '1990-02-18 09:21:52', '1973-02-02 18:22:13');
INSERT INTO `posts` (`id`, `user_id`, `communitie_id`, `title`, `body`, `important`, `delivered`, `created_at`, `updated_at`) VALUES (61, 61, 1, 'Eum voluptatibus velit et mollitia cum aut id. Blanditiis esse earum voluptates. Rerum dolor consequatur quia reprehenderit tempore.', 'Don\'t let me hear the very middle of her voice, and see what was the White Rabbit hurried by--the frightened Mouse splashed his way through the doorway; \'and even if I shall be punished for it now,.', 0, 0, '2002-02-11 01:59:56', '1999-09-20 23:42:37');
INSERT INTO `posts` (`id`, `user_id`, `communitie_id`, `title`, `body`, `important`, `delivered`, `created_at`, `updated_at`) VALUES (62, 62, 2, 'Cupiditate aut porro quod dolorum. Eveniet dicta veniam quis similique. Quia deleniti culpa ut nam autem dolores aut minus.', 'Duck: \'it\'s generally a ridge or furrow in the middle of one! There ought to go down the chimney?--Nay, I shan\'t! YOU do it!--That I won\'t, then!--Bill\'s to go from here?\' \'That depends a good.', 0, 1, '1990-06-19 14:30:50', '1973-05-30 12:40:05');
INSERT INTO `posts` (`id`, `user_id`, `communitie_id`, `title`, `body`, `important`, `delivered`, `created_at`, `updated_at`) VALUES (63, 63, 3, 'Tempore dolorem occaecati necessitatibus quo doloribus placeat aspernatur facere. Iure eum sunt expedita est distinctio quia qui. Enim et laborum inventore quia assumenda illo vel.', 'Adventures of hers would, in the face. \'I\'ll put a stop to this,\' she said to herself \'Suppose it should be like then?\' And she went on: \'But why did they live at the Cat\'s head with great.', 1, 0, '2002-01-02 23:21:36', '1997-03-24 14:58:26');
INSERT INTO `posts` (`id`, `user_id`, `communitie_id`, `title`, `body`, `important`, `delivered`, `created_at`, `updated_at`) VALUES (64, 64, 4, 'Aliquid aut facilis laboriosam qui recusandae. Autem dicta qui autem aut eos vero voluptate quia. Quo est praesentium possimus aliquid voluptatibus neque.', 'Some of the suppressed guinea-pigs, filled the air, I\'m afraid, sir\' said Alice, in a whisper, half afraid that it made Alice quite hungry to look at all comfortable, and it set to work shaking him.', 1, 0, '2002-11-01 23:50:35', '1982-03-14 14:47:06');
INSERT INTO `posts` (`id`, `user_id`, `communitie_id`, `title`, `body`, `important`, `delivered`, `created_at`, `updated_at`) VALUES (65, 65, 5, 'Officia quis ea vel at debitis ex magni. Libero optio omnis quae rerum.', 'I\'ll never go THERE again!\' said Alice as it settled down again very sadly and quietly, and looked at the Gryphon went on planning to herself \'Suppose it should be free of them at last, they must be.', 1, 1, '2000-09-05 05:46:45', '2007-04-05 12:46:22');
INSERT INTO `posts` (`id`, `user_id`, `communitie_id`, `title`, `body`, `important`, `delivered`, `created_at`, `updated_at`) VALUES (66, 66, 1, 'Placeat ut facilis nam et et. Officia accusantium repellat quia suscipit. Voluptas sit aut deserunt ut dolor quis vitae et.', 'Hatter. He had been all the arches are gone from this side of WHAT? The other side of WHAT? The other side of WHAT? The other side of the country is, you ARE a simpleton.\' Alice did not appear, and.', 0, 0, '1973-08-21 00:04:10', '2012-05-30 17:10:15');
INSERT INTO `posts` (`id`, `user_id`, `communitie_id`, `title`, `body`, `important`, `delivered`, `created_at`, `updated_at`) VALUES (67, 67, 2, 'Ipsum explicabo et dolor unde sed iste tempora in. Deserunt dolorem voluptas est ad. Quam exercitationem ipsum est perspiciatis. Beatae quas sapiente non debitis sit qui quia quos.', 'VERY deeply with a lobster as a last resource, she put it. She went on in a great crowd assembled about them--all sorts of little birds and beasts, as well say,\' added the Queen. \'I never could.', 0, 0, '1979-09-11 12:36:40', '1990-10-10 22:16:20');
INSERT INTO `posts` (`id`, `user_id`, `communitie_id`, `title`, `body`, `important`, `delivered`, `created_at`, `updated_at`) VALUES (68, 68, 3, 'Accusantium sint adipisci maxime consequatur temporibus. Tempore at at blanditiis id molestiae ratione. Voluptatem quaerat repellendus esse.', 'I\'m I, and--oh dear, how puzzling it all seemed quite dull and stupid for life to go down--Here, Bill! the master says you\'re to go on. \'And so these three little sisters--they were learning to.', 1, 1, '2018-01-27 04:08:21', '1974-10-08 22:00:48');
INSERT INTO `posts` (`id`, `user_id`, `communitie_id`, `title`, `body`, `important`, `delivered`, `created_at`, `updated_at`) VALUES (69, 69, 4, 'Ea aspernatur tempore nemo sunt. Hic dolor veritatis cum laborum quasi non libero. Exercitationem id et eos quaerat neque nobis minus. Consectetur sed itaque cupiditate porro.', 'OUTSIDE.\' He unfolded the paper as he spoke, and the great wonder is, that there\'s any one of the soldiers remaining behind to execute the unfortunate gardeners, who ran to Alice severely. \'What are.', 1, 0, '1970-10-25 08:13:18', '2000-03-07 23:09:28');
INSERT INTO `posts` (`id`, `user_id`, `communitie_id`, `title`, `body`, `important`, `delivered`, `created_at`, `updated_at`) VALUES (70, 70, 5, 'Totam quo autem vel molestias est nam. Dolores aliquam non enim dolor commodi voluptates. Autem odio fuga et magnam omnis est aut.', 'I\'ll get into that lovely garden. First, however, she again heard a voice sometimes choked with sobs, to sing you a song?\' \'Oh, a song, please, if the Mock Turtle to sing you a song?\' \'Oh, a song,.', 1, 1, '1973-05-24 07:00:15', '2016-02-27 23:07:32');
INSERT INTO `posts` (`id`, `user_id`, `communitie_id`, `title`, `body`, `important`, `delivered`, `created_at`, `updated_at`) VALUES (71, 71, 1, 'Ducimus vel similique officiis blanditiis voluptatibus ab rerum. Facilis quis quos sequi quos consequatur. Similique sint consequatur ex itaque id incidunt. Rerum aliquid fugiat nostrum blanditiis ullam facilis inventore.', 'Rabbit came up to her great disappointment it was too dark to see what was going to leave off this minute!\' She generally gave herself very good height indeed!\' said Alice, whose thoughts were still.', 1, 0, '1976-04-06 17:57:06', '1992-09-25 04:55:10');
INSERT INTO `posts` (`id`, `user_id`, `communitie_id`, `title`, `body`, `important`, `delivered`, `created_at`, `updated_at`) VALUES (72, 72, 2, 'Ex ipsam nulla cupiditate voluptas quo. Libero error quia atque ducimus nostrum earum odit. Vero omnis id vel eius molestias blanditiis. Aliquam molestias sit quis dolor ea sunt tempore.', 'HERE.\' \'But then,\' thought Alice, and, after folding his arms and frowning at the bottom of a large caterpillar, that was trickling down his cheeks, he went on so long since she had not noticed.', 0, 1, '2002-08-07 00:20:55', '1990-03-07 01:40:58');
INSERT INTO `posts` (`id`, `user_id`, `communitie_id`, `title`, `body`, `important`, `delivered`, `created_at`, `updated_at`) VALUES (73, 73, 3, 'Quisquam et quidem distinctio libero facere eaque velit. Voluptatem sed nesciunt et dolores tempore adipisci. Repudiandae autem laborum numquam sit illum.', 'Gryphon whispered in reply, \'for fear they should forget them before the trial\'s over!\' thought Alice. \'I\'m a--I\'m a--\' \'Well! WHAT are you?\' And then a row of lodging houses, and behind it, it.', 0, 0, '2017-09-11 12:58:03', '2011-01-18 11:39:20');
INSERT INTO `posts` (`id`, `user_id`, `communitie_id`, `title`, `body`, `important`, `delivered`, `created_at`, `updated_at`) VALUES (74, 74, 4, 'Libero iure amet facere voluptates sunt dignissimos. Esse dignissimos ut debitis iusto. Dicta cupiditate quod maxime consequuntur quia velit temporibus. Quas reprehenderit rerum iste sit consequatur ullam voluptatem.', 'And the muscular strength, which it gave to my jaw, Has lasted the rest of the gloves, and she sat on, with closed eyes, and half of fright and half of fright and half believed herself in.', 0, 1, '2014-07-02 03:16:08', '1982-03-19 05:43:26');
INSERT INTO `posts` (`id`, `user_id`, `communitie_id`, `title`, `body`, `important`, `delivered`, `created_at`, `updated_at`) VALUES (75, 75, 5, 'Ad a hic ut. Placeat ducimus suscipit molestiae ipsam quia sapiente. Velit laborum et excepturi vel fugit.', 'Was kindly permitted to pocket the spoon: While the Owl and the poor little thing sobbed again (or grunted, it was only the pepper that had fluttered down from the trees behind him. \'--or next day,.', 0, 0, '1980-08-19 02:45:24', '2012-07-10 23:02:53');
INSERT INTO `posts` (`id`, `user_id`, `communitie_id`, `title`, `body`, `important`, `delivered`, `created_at`, `updated_at`) VALUES (76, 76, 1, 'Sit modi facere quia voluptatum nobis ipsa a. Cupiditate non saepe id est quasi perspiciatis. Quo omnis explicabo odio corporis. Eos et voluptas consequatur exercitationem.', 'Duchess said to Alice, that she wasn\'t a bit afraid of them!\' \'And who is to give the prizes?\' quite a crowd of little Alice herself, and fanned herself with one of the hall: in fact she was playing.', 0, 1, '1993-01-05 08:36:36', '1972-10-21 12:21:01');
INSERT INTO `posts` (`id`, `user_id`, `communitie_id`, `title`, `body`, `important`, `delivered`, `created_at`, `updated_at`) VALUES (77, 77, 2, 'Et et rem atque temporibus maiores similique. Distinctio sunt ratione vitae iusto. Quis et tempore voluptas perspiciatis iure. At velit illum soluta eius dolorum qui.', 'I\'m doubtful about the temper of your flamingo. Shall I try the experiment?\' \'HE might bite,\' Alice cautiously replied: \'but I must have been that,\' said Alice. \'And where HAVE my shoulders got to?.', 1, 0, '1995-03-09 01:24:57', '2016-10-05 10:51:24');
INSERT INTO `posts` (`id`, `user_id`, `communitie_id`, `title`, `body`, `important`, `delivered`, `created_at`, `updated_at`) VALUES (78, 78, 3, 'Vitae culpa qui at. Hic velit sit et aut quas. Culpa dolores velit sunt delectus deleniti.', 'I\'d been the right height to be.\' \'It is wrong from beginning to think about it, you may stand down,\' continued the Gryphon. \'Then, you know,\' said Alice a little before she had made out that one of.', 1, 1, '1979-01-23 15:14:51', '2010-07-23 05:01:17');
INSERT INTO `posts` (`id`, `user_id`, `communitie_id`, `title`, `body`, `important`, `delivered`, `created_at`, `updated_at`) VALUES (79, 79, 4, 'Suscipit ut dolor quo. Autem deserunt debitis officia sed dolor et suscipit hic. Molestias voluptatum nulla laudantium doloribus placeat.', 'Alice was very likely it can be,\' said the Gryphon. \'It all came different!\' the Mock Turtle went on, \'you see, a dog growls when it\'s angry, and wags its tail about in all directions, \'just like a.', 0, 0, '2017-12-29 16:26:08', '1976-03-11 15:00:24');
INSERT INTO `posts` (`id`, `user_id`, `communitie_id`, `title`, `body`, `important`, `delivered`, `created_at`, `updated_at`) VALUES (80, 80, 5, 'Repellat voluptates cumque sapiente amet est. Pariatur quia ipsa nihil quod ipsa. Autem ab magnam iure.', 'A bright idea came into her face. \'Very,\' said Alice: \'--where\'s the Duchess?\' \'Hush! Hush!\' said the King. \'I can\'t remember half of fright and half of fright and half believed herself in a.', 0, 1, '2012-01-08 03:05:23', '1998-08-07 06:27:01');
INSERT INTO `posts` (`id`, `user_id`, `communitie_id`, `title`, `body`, `important`, `delivered`, `created_at`, `updated_at`) VALUES (81, 81, 1, 'Voluptatem commodi mollitia aut distinctio est. Nemo laborum aut sunt aliquid rerum dolores cum. Velit inventore adipisci dignissimos ea doloribus assumenda aut.', 'Hatter. \'I deny it!\' said the Gryphon: and it set to work, and very neatly and simply arranged; the only difficulty was, that she had nothing else to do, so Alice went on, \'that they\'d let Dinah.', 0, 0, '2011-08-23 08:15:44', '2009-11-05 20:04:17');
INSERT INTO `posts` (`id`, `user_id`, `communitie_id`, `title`, `body`, `important`, `delivered`, `created_at`, `updated_at`) VALUES (82, 82, 2, 'Aperiam maxime consequatur qui accusamus. Magni dolores vel maiores facere ipsa. Sed quasi repudiandae est dolorum. Itaque ullam sapiente nam aut quae ea qui.', 'Alice ventured to ask. \'Suppose we change the subject,\' the March Hare. \'Exactly so,\' said the Hatter: \'I\'m on the bank, with her head!\' about once in the pictures of him), while the Mock Turtle,.', 0, 0, '2016-05-08 16:35:21', '1972-03-15 16:14:00');
INSERT INTO `posts` (`id`, `user_id`, `communitie_id`, `title`, `body`, `important`, `delivered`, `created_at`, `updated_at`) VALUES (83, 83, 3, 'Eveniet debitis porro aut et sed. Sint explicabo praesentium dolore repudiandae. Officiis rerum quis sint in est. Ea sit velit et.', 'Alice remarked. \'Oh, you foolish Alice!\' she answered herself. \'How can you learn lessons in here? Why, there\'s hardly room for YOU, and no room at all know whether it would be quite absurd for her.', 1, 0, '2003-01-06 07:20:20', '2018-12-17 19:43:03');
INSERT INTO `posts` (`id`, `user_id`, `communitie_id`, `title`, `body`, `important`, `delivered`, `created_at`, `updated_at`) VALUES (84, 84, 4, 'Ratione quibusdam facere dolorem doloribus. Dolores iusto dolores laudantium molestias pariatur. Rem et et quis voluptas. Harum maxime quibusdam distinctio totam.', 'The master was an old crab, HE was.\' \'I never heard it say to itself in a tone of this remark, and thought to herself, \'I don\'t see any wine,\' she remarked. \'There isn\'t any,\' said the March Hare..', 1, 0, '2015-03-02 18:40:43', '2006-11-29 19:12:55');
INSERT INTO `posts` (`id`, `user_id`, `communitie_id`, `title`, `body`, `important`, `delivered`, `created_at`, `updated_at`) VALUES (85, 85, 5, 'Voluptatem fuga ullam ut ut repudiandae consequuntur voluptatem. Alias molestias optio numquam quis culpa et. Voluptatum perspiciatis est reiciendis ea.', 'Alice did not look at it!\' This speech caused a remarkable sensation among the people that walk with their heads off?\' shouted the Queen, turning purple. \'I won\'t!\' said Alice. \'You must be,\' said.', 0, 1, '1974-11-13 09:26:33', '1997-03-21 04:26:45');
INSERT INTO `posts` (`id`, `user_id`, `communitie_id`, `title`, `body`, `important`, `delivered`, `created_at`, `updated_at`) VALUES (86, 86, 1, 'Voluptas optio nihil reprehenderit. Quasi delectus impedit eveniet fugiat quasi eos. Incidunt id qui ut nam illo perferendis. Dolores nam et commodi qui quos.', 'Gryphon. \'We can do no more, whatever happens. What WILL become of me? They\'re dreadfully fond of beheading people here; the great question certainly was, what? Alice looked very anxiously into her.', 0, 0, '2001-03-10 03:17:17', '2006-09-14 12:42:01');
INSERT INTO `posts` (`id`, `user_id`, `communitie_id`, `title`, `body`, `important`, `delivered`, `created_at`, `updated_at`) VALUES (87, 87, 2, 'Fuga nostrum quae rerum fuga adipisci illo commodi tempora. Qui aut cum et iste distinctio enim enim voluptas. Omnis quia ex esse aspernatur nulla quaerat consequatur.', 'THESE?\' said the Mouse, in a moment to be a great hurry. An enormous puppy was looking at Alice for protection. \'You shan\'t be beheaded!\' said Alice, who felt very curious sensation, which puzzled.', 0, 0, '2013-01-21 02:40:27', '2000-01-22 13:10:01');
INSERT INTO `posts` (`id`, `user_id`, `communitie_id`, `title`, `body`, `important`, `delivered`, `created_at`, `updated_at`) VALUES (88, 88, 3, 'Quae velit consequatur at qui ipsa beatae commodi. Consequuntur est aut architecto voluptate earum et.', 'Bill!\' then the different branches of Arithmetic--Ambition, Distraction, Uglification, and Derision.\' \'I never said I could say if I fell off the subjects on his spectacles. \'Where shall I begin,.', 1, 1, '2007-03-20 10:07:14', '2000-02-29 16:49:00');
INSERT INTO `posts` (`id`, `user_id`, `communitie_id`, `title`, `body`, `important`, `delivered`, `created_at`, `updated_at`) VALUES (89, 89, 4, 'Perspiciatis ut ipsa ut quam consequatur ut omnis. Dolorum vero nemo nobis voluptas quaerat modi numquam. Repellat rerum voluptatem velit quod. Exercitationem temporibus architecto in aspernatur.', 'Has lasted the rest of the e--e--evening, Beautiful, beautiful Soup! Beau--ootiful Soo--oop! Soo--oop of the other ladder?--Why, I hadn\'t drunk quite so much!\' said Alice, a little timidly, for she.', 0, 0, '1985-09-08 10:05:39', '2008-11-13 01:33:25');
INSERT INTO `posts` (`id`, `user_id`, `communitie_id`, `title`, `body`, `important`, `delivered`, `created_at`, `updated_at`) VALUES (90, 90, 5, 'Qui itaque maiores praesentium optio nihil praesentium. Non ratione est similique aperiam tenetur. Id omnis quisquam error ut. Ratione repellat id id modi omnis eum.', 'If she should chance to be said. At last the Dodo managed it.) First it marked out a race-course, in a Little Bill It was the Cat went on, very much what would happen next. First, she dreamed of.', 0, 1, '1988-07-12 23:19:41', '1995-10-15 13:44:30');
INSERT INTO `posts` (`id`, `user_id`, `communitie_id`, `title`, `body`, `important`, `delivered`, `created_at`, `updated_at`) VALUES (91, 91, 1, 'Vero aut quo minima quia eligendi aut. Eaque quam sed aliquam. Modi quod neque minima provident et expedita aut.', 'Alice had no very clear notion how long ago anything had happened.) So she began: \'O Mouse, do you want to get her head struck against the roof bear?--Mind that loose slate--Oh, it\'s coming down!.', 1, 1, '2012-12-14 21:52:10', '2005-08-21 15:13:40');
INSERT INTO `posts` (`id`, `user_id`, `communitie_id`, `title`, `body`, `important`, `delivered`, `created_at`, `updated_at`) VALUES (92, 92, 2, 'Est fugit ex modi impedit. Quasi qui sit aut eos maiores excepturi explicabo. Adipisci alias exercitationem asperiores ut est molestiae.', 'I ever heard!\' \'Yes, I think I can remember feeling a little bottle on it, for she was quite impossible to say a word, but slowly followed her back to the jury. \'Not yet, not yet!\' the Rabbit came.', 0, 0, '2018-07-04 05:27:54', '2014-04-12 02:06:42');
INSERT INTO `posts` (`id`, `user_id`, `communitie_id`, `title`, `body`, `important`, `delivered`, `created_at`, `updated_at`) VALUES (93, 93, 3, 'Qui tempora sit saepe expedita velit. Inventore distinctio id nobis nemo dolores. Nisi sequi qui est qui. Ea magnam itaque accusamus architecto harum et.', 'Hatter: \'I\'m on the whole pack rose up into the loveliest garden you ever eat a bat?\' when suddenly, thump! thump! down she came up to Alice, and tried to get hold of anything, but she knew she had.', 1, 1, '2009-05-29 15:34:06', '1994-03-13 11:49:17');
INSERT INTO `posts` (`id`, `user_id`, `communitie_id`, `title`, `body`, `important`, `delivered`, `created_at`, `updated_at`) VALUES (94, 94, 4, 'Sed optio dolore laboriosam deleniti voluptates temporibus ut. Non suscipit impedit eos dignissimos et perspiciatis quia harum. Dolores et et similique dolorum repellendus ducimus voluptas. Ut illum ex sed.', 'Gryphon: \'I went to school in the sea. The master was an old conger-eel, that used to do:-- \'How doth the little magic bottle had now had its full effect, and she tried to open it; but, as the White.', 1, 1, '2013-11-07 04:42:21', '1972-09-17 09:21:46');
INSERT INTO `posts` (`id`, `user_id`, `communitie_id`, `title`, `body`, `important`, `delivered`, `created_at`, `updated_at`) VALUES (95, 95, 5, 'Sunt dicta excepturi velit tenetur. Qui ab dolores eaque odit tempora.', 'Dormouse shall!\' they both bowed low, and their curls got entangled together. Alice laughed so much at first, but, after watching it a minute or two, looking for them, but they began running when.', 0, 0, '2002-08-19 04:20:46', '1983-04-27 15:21:06');
INSERT INTO `posts` (`id`, `user_id`, `communitie_id`, `title`, `body`, `important`, `delivered`, `created_at`, `updated_at`) VALUES (96, 96, 1, 'Similique nemo eveniet dolorum alias officia esse. Dolore nihil qui illum iure. Sunt vel minima porro sed rerum non pariatur ut. Ut dolores fuga ipsum error et similique.', 'Queen\'s ears--\' the Rabbit asked. \'No, I give it up,\' Alice replied: \'what\'s the answer?\' \'I haven\'t the least notice of her ever getting out of the bottle was NOT marked \'poison,\' so Alice soon.', 1, 1, '1995-07-26 07:06:11', '1972-09-22 17:29:33');
INSERT INTO `posts` (`id`, `user_id`, `communitie_id`, `title`, `body`, `important`, `delivered`, `created_at`, `updated_at`) VALUES (97, 97, 2, 'Omnis exercitationem neque ad optio ea necessitatibus. Quia nihil dicta vel doloribus repudiandae a.', 'Gryphon, and all that,\' he said to Alice, and sighing. \'It IS a Caucus-race?\' said Alice; \'all I know THAT well enough; and what does it to her that she had accidentally upset the milk-jug into his.', 1, 1, '2004-05-05 11:19:54', '2017-08-19 00:24:37');
INSERT INTO `posts` (`id`, `user_id`, `communitie_id`, `title`, `body`, `important`, `delivered`, `created_at`, `updated_at`) VALUES (98, 98, 3, 'Sed unde eaque quia itaque neque exercitationem. Nobis cum cupiditate explicabo id eos quo. Eveniet odio quas ut non eos et. Vel in a consequatur dolor.', 'Gryphon remarked: \'because they lessen from day to day.\' This was such a thing before, but she could not be denied, so she felt sure it would be worth the trouble of getting her hands up to Alice,.', 0, 0, '1997-11-20 11:48:06', '1977-09-04 06:34:00');
INSERT INTO `posts` (`id`, `user_id`, `communitie_id`, `title`, `body`, `important`, `delivered`, `created_at`, `updated_at`) VALUES (99, 99, 4, 'Dicta in dicta non odit est ipsa ducimus quo. Maxime eius magni ut omnis iure. Repudiandae accusantium voluptatum unde molestias rem sit sit eligendi. Nisi ut occaecati est veritatis itaque excepturi eum.', 'AT ALL. Soup does very well as if his heart would break. She pitied him deeply. \'What is his sorrow?\' she asked the Gryphon, and the little crocodile Improve his shining tail, And pour the waters of.', 0, 0, '2003-10-27 19:02:51', '2010-08-31 11:55:07');
INSERT INTO `posts` (`id`, `user_id`, `communitie_id`, `title`, `body`, `important`, `delivered`, `created_at`, `updated_at`) VALUES (100, 100, 5, 'Aperiam laboriosam corporis architecto eum tenetur. Et repellendus libero odit voluptatem. Totam ab ea aut possimus omnis delectus est. Ut asperiores magni qui unde id rerum nobis.', 'For some minutes the whole party swam to the table for it, he was in confusion, getting the Dormouse went on, \'you throw the--\' \'The lobsters!\' shouted the Queen. First came ten soldiers carrying.', 1, 0, '1995-08-30 17:33:42', '1990-01-31 02:19:52');


#
# TABLE STRUCTURE FOR: profiles
#

DROP TABLE IF EXISTS `profiles`;

CREATE TABLE `profiles` (
  `user_id` int(10) unsigned NOT NULL,
  `sex` char(1) COLLATE utf8_unicode_ci NOT NULL,
  `birthday` date DEFAULT NULL,
  `hometown` varchar(100) COLLATE utf8_unicode_ci DEFAULT NULL,
  `photo_id` int(10) unsigned NOT NULL,
  `region_id` int(10) unsigned DEFAULT NULL,
  PRIMARY KEY (`user_id`)
) ENGINE=InnoDB DEFAULT CHARSET=utf8 COLLATE=utf8_unicode_ci;

INSERT INTO `profiles` (`user_id`, `sex`, `birthday`, `hometown`, `photo_id`, `region_id`) VALUES (1, 'm', '2010-01-01', 'chester', 1, 1);
INSERT INTO `profiles` (`user_id`, `sex`, `birthday`, `hometown`, `photo_id`, `region_id`) VALUES (2, 'f', '2016-02-19', 'stad', 2, 2);
INSERT INTO `profiles` (`user_id`, `sex`, `birthday`, `hometown`, `photo_id`, `region_id`) VALUES (3, 'f', '1997-02-13', 'mouth', 3, 3);
INSERT INTO `profiles` (`user_id`, `sex`, `birthday`, `hometown`, `photo_id`, `region_id`) VALUES (4, 'm', '2016-11-14', 'stad', 4, 4);
INSERT INTO `profiles` (`user_id`, `sex`, `birthday`, `hometown`, `photo_id`, `region_id`) VALUES (5, 'm', '1970-04-07', 'mouth', 5, 5);
INSERT INTO `profiles` (`user_id`, `sex`, `birthday`, `hometown`, `photo_id`, `region_id`) VALUES (6, 'm', '1975-07-31', 'chester', 6, 6);
INSERT INTO `profiles` (`user_id`, `sex`, `birthday`, `hometown`, `photo_id`, `region_id`) VALUES (7, 'm', '1983-03-09', 'chester', 7, 7);
INSERT INTO `profiles` (`user_id`, `sex`, `birthday`, `hometown`, `photo_id`, `region_id`) VALUES (8, 'm', '2000-10-15', 'burgh', 8, 8);
INSERT INTO `profiles` (`user_id`, `sex`, `birthday`, `hometown`, `photo_id`, `region_id`) VALUES (9, 'f', '2006-03-05', 'ville', 9, 9);
INSERT INTO `profiles` (`user_id`, `sex`, `birthday`, `hometown`, `photo_id`, `region_id`) VALUES (10, 'f', '2017-05-15', 'burgh', 10, 10);
INSERT INTO `profiles` (`user_id`, `sex`, `birthday`, `hometown`, `photo_id`, `region_id`) VALUES (11, 'm', '1979-06-06', 'borough', 11, 11);
INSERT INTO `profiles` (`user_id`, `sex`, `birthday`, `hometown`, `photo_id`, `region_id`) VALUES (12, 'f', '1980-02-14', 'port', 12, 12);
INSERT INTO `profiles` (`user_id`, `sex`, `birthday`, `hometown`, `photo_id`, `region_id`) VALUES (13, 'f', '1994-09-15', 'land', 13, 13);
INSERT INTO `profiles` (`user_id`, `sex`, `birthday`, `hometown`, `photo_id`, `region_id`) VALUES (14, 'm', '1987-11-19', 'fort', 14, 14);
INSERT INTO `profiles` (`user_id`, `sex`, `birthday`, `hometown`, `photo_id`, `region_id`) VALUES (15, 'm', '1983-03-01', 'borough', 15, 15);
INSERT INTO `profiles` (`user_id`, `sex`, `birthday`, `hometown`, `photo_id`, `region_id`) VALUES (16, 'f', '2012-09-28', 'ton', 16, 16);
INSERT INTO `profiles` (`user_id`, `sex`, `birthday`, `hometown`, `photo_id`, `region_id`) VALUES (17, 'f', '2011-06-28', 'fort', 17, 17);
INSERT INTO `profiles` (`user_id`, `sex`, `birthday`, `hometown`, `photo_id`, `region_id`) VALUES (18, 'm', '1987-07-16', 'mouth', 18, 18);
INSERT INTO `profiles` (`user_id`, `sex`, `birthday`, `hometown`, `photo_id`, `region_id`) VALUES (19, 'f', '1971-01-24', 'mouth', 19, 19);
INSERT INTO `profiles` (`user_id`, `sex`, `birthday`, `hometown`, `photo_id`, `region_id`) VALUES (20, 'm', '1989-05-04', 'fort', 20, 20);
INSERT INTO `profiles` (`user_id`, `sex`, `birthday`, `hometown`, `photo_id`, `region_id`) VALUES (21, 'f', '2007-01-24', 'ville', 21, 21);
INSERT INTO `profiles` (`user_id`, `sex`, `birthday`, `hometown`, `photo_id`, `region_id`) VALUES (22, 'f', '1992-02-03', 'haven', 22, 22);
INSERT INTO `profiles` (`user_id`, `sex`, `birthday`, `hometown`, `photo_id`, `region_id`) VALUES (23, 'f', '1981-06-25', 'furt', 23, 23);
INSERT INTO `profiles` (`user_id`, `sex`, `birthday`, `hometown`, `photo_id`, `region_id`) VALUES (24, 'm', '1976-04-21', 'view', 24, 24);
INSERT INTO `profiles` (`user_id`, `sex`, `birthday`, `hometown`, `photo_id`, `region_id`) VALUES (25, 'm', '2011-06-29', 'berg', 25, 25);
INSERT INTO `profiles` (`user_id`, `sex`, `birthday`, `hometown`, `photo_id`, `region_id`) VALUES (26, 'f', '1977-07-27', 'furt', 26, 26);
INSERT INTO `profiles` (`user_id`, `sex`, `birthday`, `hometown`, `photo_id`, `region_id`) VALUES (27, 'f', '1976-12-17', 'stad', 27, 27);
INSERT INTO `profiles` (`user_id`, `sex`, `birthday`, `hometown`, `photo_id`, `region_id`) VALUES (28, 'f', '2011-06-25', 'port', 28, 28);
INSERT INTO `profiles` (`user_id`, `sex`, `birthday`, `hometown`, `photo_id`, `region_id`) VALUES (29, 'm', '1992-06-19', 'view', 29, 29);
INSERT INTO `profiles` (`user_id`, `sex`, `birthday`, `hometown`, `photo_id`, `region_id`) VALUES (30, 'm', '2018-06-13', 'fort', 30, 30);
INSERT INTO `profiles` (`user_id`, `sex`, `birthday`, `hometown`, `photo_id`, `region_id`) VALUES (31, 'm', '2002-08-23', 'chester', 31, 1);
INSERT INTO `profiles` (`user_id`, `sex`, `birthday`, `hometown`, `photo_id`, `region_id`) VALUES (32, 'm', '2004-04-02', 'stad', 32, 2);
INSERT INTO `profiles` (`user_id`, `sex`, `birthday`, `hometown`, `photo_id`, `region_id`) VALUES (33, 'm', '2007-07-20', 'town', 33, 3);
INSERT INTO `profiles` (`user_id`, `sex`, `birthday`, `hometown`, `photo_id`, `region_id`) VALUES (34, 'm', '1988-03-10', 'bury', 34, 4);
INSERT INTO `profiles` (`user_id`, `sex`, `birthday`, `hometown`, `photo_id`, `region_id`) VALUES (35, 'f', '2012-07-14', 'port', 35, 5);
INSERT INTO `profiles` (`user_id`, `sex`, `birthday`, `hometown`, `photo_id`, `region_id`) VALUES (36, 'f', '1974-06-04', 'town', 36, 6);
INSERT INTO `profiles` (`user_id`, `sex`, `birthday`, `hometown`, `photo_id`, `region_id`) VALUES (37, 'm', '1972-10-15', 'mouth', 37, 7);
INSERT INTO `profiles` (`user_id`, `sex`, `birthday`, `hometown`, `photo_id`, `region_id`) VALUES (38, 'f', '1974-07-03', 'town', 38, 8);
INSERT INTO `profiles` (`user_id`, `sex`, `birthday`, `hometown`, `photo_id`, `region_id`) VALUES (39, 'f', '1986-12-27', 'view', 39, 9);
INSERT INTO `profiles` (`user_id`, `sex`, `birthday`, `hometown`, `photo_id`, `region_id`) VALUES (40, 'f', '2012-03-10', 'furt', 40, 10);
INSERT INTO `profiles` (`user_id`, `sex`, `birthday`, `hometown`, `photo_id`, `region_id`) VALUES (41, 'f', '2011-12-21', 'shire', 41, 11);
INSERT INTO `profiles` (`user_id`, `sex`, `birthday`, `hometown`, `photo_id`, `region_id`) VALUES (42, 'm', '1980-02-27', 'mouth', 42, 12);
INSERT INTO `profiles` (`user_id`, `sex`, `birthday`, `hometown`, `photo_id`, `region_id`) VALUES (43, 'm', '1986-08-08', 'bury', 43, 13);
INSERT INTO `profiles` (`user_id`, `sex`, `birthday`, `hometown`, `photo_id`, `region_id`) VALUES (44, 'm', '2016-05-23', 'bury', 44, 14);
INSERT INTO `profiles` (`user_id`, `sex`, `birthday`, `hometown`, `photo_id`, `region_id`) VALUES (45, 'm', '2008-12-10', 'fort', 45, 15);
INSERT INTO `profiles` (`user_id`, `sex`, `birthday`, `hometown`, `photo_id`, `region_id`) VALUES (46, 'm', '2014-08-02', 'shire', 46, 16);
INSERT INTO `profiles` (`user_id`, `sex`, `birthday`, `hometown`, `photo_id`, `region_id`) VALUES (47, 'm', '2003-06-20', 'mouth', 47, 17);
INSERT INTO `profiles` (`user_id`, `sex`, `birthday`, `hometown`, `photo_id`, `region_id`) VALUES (48, 'm', '1979-09-29', 'ville', 48, 18);
INSERT INTO `profiles` (`user_id`, `sex`, `birthday`, `hometown`, `photo_id`, `region_id`) VALUES (49, 'f', '1988-06-29', 'shire', 49, 19);
INSERT INTO `profiles` (`user_id`, `sex`, `birthday`, `hometown`, `photo_id`, `region_id`) VALUES (50, 'm', '1985-04-24', 'berg', 50, 20);
INSERT INTO `profiles` (`user_id`, `sex`, `birthday`, `hometown`, `photo_id`, `region_id`) VALUES (51, 'f', '1986-10-23', 'shire', 51, 21);
INSERT INTO `profiles` (`user_id`, `sex`, `birthday`, `hometown`, `photo_id`, `region_id`) VALUES (52, 'm', '2006-05-17', 'stad', 52, 22);
INSERT INTO `profiles` (`user_id`, `sex`, `birthday`, `hometown`, `photo_id`, `region_id`) VALUES (53, 'm', '2006-12-27', 'fort', 53, 23);
INSERT INTO `profiles` (`user_id`, `sex`, `birthday`, `hometown`, `photo_id`, `region_id`) VALUES (54, 'f', '2015-10-26', 'fort', 54, 24);
INSERT INTO `profiles` (`user_id`, `sex`, `birthday`, `hometown`, `photo_id`, `region_id`) VALUES (55, 'm', '1985-03-19', 'berg', 55, 25);
INSERT INTO `profiles` (`user_id`, `sex`, `birthday`, `hometown`, `photo_id`, `region_id`) VALUES (56, 'f', '1985-08-08', 'burgh', 56, 26);
INSERT INTO `profiles` (`user_id`, `sex`, `birthday`, `hometown`, `photo_id`, `region_id`) VALUES (57, 'f', '2011-10-04', 'land', 57, 27);
INSERT INTO `profiles` (`user_id`, `sex`, `birthday`, `hometown`, `photo_id`, `region_id`) VALUES (58, 'f', '1982-07-25', 'mouth', 58, 28);
INSERT INTO `profiles` (`user_id`, `sex`, `birthday`, `hometown`, `photo_id`, `region_id`) VALUES (59, 'f', '2019-01-09', 'land', 59, 29);
INSERT INTO `profiles` (`user_id`, `sex`, `birthday`, `hometown`, `photo_id`, `region_id`) VALUES (60, 'm', '2012-04-17', 'land', 60, 30);
INSERT INTO `profiles` (`user_id`, `sex`, `birthday`, `hometown`, `photo_id`, `region_id`) VALUES (61, 'm', '1982-08-25', 'borough', 61, 1);
INSERT INTO `profiles` (`user_id`, `sex`, `birthday`, `hometown`, `photo_id`, `region_id`) VALUES (62, 'm', '2015-12-31', 'land', 62, 2);
INSERT INTO `profiles` (`user_id`, `sex`, `birthday`, `hometown`, `photo_id`, `region_id`) VALUES (63, 'm', '1975-11-18', 'borough', 63, 3);
INSERT INTO `profiles` (`user_id`, `sex`, `birthday`, `hometown`, `photo_id`, `region_id`) VALUES (64, 'f', '1979-11-09', 'ville', 64, 4);
INSERT INTO `profiles` (`user_id`, `sex`, `birthday`, `hometown`, `photo_id`, `region_id`) VALUES (65, 'f', '2008-06-24', 'land', 65, 5);
INSERT INTO `profiles` (`user_id`, `sex`, `birthday`, `hometown`, `photo_id`, `region_id`) VALUES (66, 'm', '1979-03-31', 'shire', 66, 6);
INSERT INTO `profiles` (`user_id`, `sex`, `birthday`, `hometown`, `photo_id`, `region_id`) VALUES (67, 'f', '1995-06-24', 'bury', 67, 7);
INSERT INTO `profiles` (`user_id`, `sex`, `birthday`, `hometown`, `photo_id`, `region_id`) VALUES (68, 'f', '2018-06-17', 'burgh', 68, 8);
INSERT INTO `profiles` (`user_id`, `sex`, `birthday`, `hometown`, `photo_id`, `region_id`) VALUES (69, 'm', '1981-09-08', 'chester', 69, 9);
INSERT INTO `profiles` (`user_id`, `sex`, `birthday`, `hometown`, `photo_id`, `region_id`) VALUES (70, 'm', '2008-03-15', 'side', 70, 10);
INSERT INTO `profiles` (`user_id`, `sex`, `birthday`, `hometown`, `photo_id`, `region_id`) VALUES (71, 'm', '2018-11-28', 'view', 71, 11);
INSERT INTO `profiles` (`user_id`, `sex`, `birthday`, `hometown`, `photo_id`, `region_id`) VALUES (72, 'f', '1979-04-27', 'ton', 72, 12);
INSERT INTO `profiles` (`user_id`, `sex`, `birthday`, `hometown`, `photo_id`, `region_id`) VALUES (73, 'm', '1975-07-23', 'furt', 73, 13);
INSERT INTO `profiles` (`user_id`, `sex`, `birthday`, `hometown`, `photo_id`, `region_id`) VALUES (74, 'm', '1999-03-13', 'borough', 74, 14);
INSERT INTO `profiles` (`user_id`, `sex`, `birthday`, `hometown`, `photo_id`, `region_id`) VALUES (75, 'm', '1984-03-06', 'haven', 75, 15);
INSERT INTO `profiles` (`user_id`, `sex`, `birthday`, `hometown`, `photo_id`, `region_id`) VALUES (76, 'm', '1993-10-03', 'shire', 76, 16);
INSERT INTO `profiles` (`user_id`, `sex`, `birthday`, `hometown`, `photo_id`, `region_id`) VALUES (77, 'f', '1978-05-05', 'bury', 77, 17);
INSERT INTO `profiles` (`user_id`, `sex`, `birthday`, `hometown`, `photo_id`, `region_id`) VALUES (78, 'f', '1975-02-25', 'haven', 78, 18);
INSERT INTO `profiles` (`user_id`, `sex`, `birthday`, `hometown`, `photo_id`, `region_id`) VALUES (79, 'm', '1995-10-05', 'town', 79, 19);
INSERT INTO `profiles` (`user_id`, `sex`, `birthday`, `hometown`, `photo_id`, `region_id`) VALUES (80, 'm', '1993-10-29', 'stad', 80, 20);
INSERT INTO `profiles` (`user_id`, `sex`, `birthday`, `hometown`, `photo_id`, `region_id`) VALUES (81, 'f', '1973-04-13', 'shire', 81, 21);
INSERT INTO `profiles` (`user_id`, `sex`, `birthday`, `hometown`, `photo_id`, `region_id`) VALUES (82, 'f', '2012-04-11', 'mouth', 82, 22);
INSERT INTO `profiles` (`user_id`, `sex`, `birthday`, `hometown`, `photo_id`, `region_id`) VALUES (83, 'm', '1976-08-13', 'borough', 83, 23);
INSERT INTO `profiles` (`user_id`, `sex`, `birthday`, `hometown`, `photo_id`, `region_id`) VALUES (84, 'm', '1992-08-28', 'shire', 84, 24);
INSERT INTO `profiles` (`user_id`, `sex`, `birthday`, `hometown`, `photo_id`, `region_id`) VALUES (85, 'm', '1983-02-13', 'chester', 85, 25);
INSERT INTO `profiles` (`user_id`, `sex`, `birthday`, `hometown`, `photo_id`, `region_id`) VALUES (86, 'm', '1975-03-14', 'ville', 86, 26);
INSERT INTO `profiles` (`user_id`, `sex`, `birthday`, `hometown`, `photo_id`, `region_id`) VALUES (87, 'm', '2000-03-23', 'berg', 87, 27);
INSERT INTO `profiles` (`user_id`, `sex`, `birthday`, `hometown`, `photo_id`, `region_id`) VALUES (88, 'f', '1988-09-29', 'berg', 88, 28);
INSERT INTO `profiles` (`user_id`, `sex`, `birthday`, `hometown`, `photo_id`, `region_id`) VALUES (89, 'm', '1983-09-06', 'land', 89, 29);
INSERT INTO `profiles` (`user_id`, `sex`, `birthday`, `hometown`, `photo_id`, `region_id`) VALUES (90, 'm', '1970-12-15', 'shire', 90, 30);
INSERT INTO `profiles` (`user_id`, `sex`, `birthday`, `hometown`, `photo_id`, `region_id`) VALUES (91, 'f', '1986-01-14', 'mouth', 91, 1);
INSERT INTO `profiles` (`user_id`, `sex`, `birthday`, `hometown`, `photo_id`, `region_id`) VALUES (92, 'm', '1985-09-14', 'fort', 92, 2);
INSERT INTO `profiles` (`user_id`, `sex`, `birthday`, `hometown`, `photo_id`, `region_id`) VALUES (93, 'm', '1972-01-27', 'fort', 93, 3);
INSERT INTO `profiles` (`user_id`, `sex`, `birthday`, `hometown`, `photo_id`, `region_id`) VALUES (94, 'f', '2015-09-14', 'fort', 94, 4);
INSERT INTO `profiles` (`user_id`, `sex`, `birthday`, `hometown`, `photo_id`, `region_id`) VALUES (95, 'm', '2005-07-18', 'berg', 95, 5);
INSERT INTO `profiles` (`user_id`, `sex`, `birthday`, `hometown`, `photo_id`, `region_id`) VALUES (96, 'f', '1987-04-25', 'haven', 96, 6);
INSERT INTO `profiles` (`user_id`, `sex`, `birthday`, `hometown`, `photo_id`, `region_id`) VALUES (97, 'f', '1971-05-03', 'town', 97, 7);
INSERT INTO `profiles` (`user_id`, `sex`, `birthday`, `hometown`, `photo_id`, `region_id`) VALUES (98, 'f', '1991-02-23', 'mouth', 98, 8);
INSERT INTO `profiles` (`user_id`, `sex`, `birthday`, `hometown`, `photo_id`, `region_id`) VALUES (99, 'f', '1986-08-24', 'chester', 99, 9);
INSERT INTO `profiles` (`user_id`, `sex`, `birthday`, `hometown`, `photo_id`, `region_id`) VALUES (100, 'm', '2016-09-07', 'shire', 100, 10);
INSERT INTO `profiles` (`user_id`, `sex`, `birthday`, `hometown`, `photo_id`, `region_id`) VALUES (101, 'm', '1996-03-16', 'town', 1, 11);
INSERT INTO `profiles` (`user_id`, `sex`, `birthday`, `hometown`, `photo_id`, `region_id`) VALUES (102, 'm', '1978-11-27', 'land', 2, 12);
INSERT INTO `profiles` (`user_id`, `sex`, `birthday`, `hometown`, `photo_id`, `region_id`) VALUES (103, 'f', '2017-06-12', 'chester', 3, 13);
INSERT INTO `profiles` (`user_id`, `sex`, `birthday`, `hometown`, `photo_id`, `region_id`) VALUES (104, 'f', '2003-06-15', 'mouth', 4, 14);
INSERT INTO `profiles` (`user_id`, `sex`, `birthday`, `hometown`, `photo_id`, `region_id`) VALUES (105, 'f', '1976-07-19', 'berg', 5, 15);
INSERT INTO `profiles` (`user_id`, `sex`, `birthday`, `hometown`, `photo_id`, `region_id`) VALUES (106, 'f', '1995-09-28', 'berg', 6, 16);
INSERT INTO `profiles` (`user_id`, `sex`, `birthday`, `hometown`, `photo_id`, `region_id`) VALUES (107, 'f', '2000-12-22', 'ville', 7, 17);
INSERT INTO `profiles` (`user_id`, `sex`, `birthday`, `hometown`, `photo_id`, `region_id`) VALUES (108, 'm', '2015-08-03', 'side', 8, 18);
INSERT INTO `profiles` (`user_id`, `sex`, `birthday`, `hometown`, `photo_id`, `region_id`) VALUES (109, 'f', '1974-07-10', 'ville', 9, 19);
INSERT INTO `profiles` (`user_id`, `sex`, `birthday`, `hometown`, `photo_id`, `region_id`) VALUES (110, 'm', '2007-05-14', 'ville', 10, 20);
INSERT INTO `profiles` (`user_id`, `sex`, `birthday`, `hometown`, `photo_id`, `region_id`) VALUES (111, 'm', '2002-02-24', 'mouth', 11, 21);
INSERT INTO `profiles` (`user_id`, `sex`, `birthday`, `hometown`, `photo_id`, `region_id`) VALUES (112, 'f', '1996-05-05', 'berg', 12, 22);
INSERT INTO `profiles` (`user_id`, `sex`, `birthday`, `hometown`, `photo_id`, `region_id`) VALUES (113, 'f', '1970-02-18', 'burgh', 13, 23);
INSERT INTO `profiles` (`user_id`, `sex`, `birthday`, `hometown`, `photo_id`, `region_id`) VALUES (114, 'm', '1977-06-17', 'chester', 14, 24);
INSERT INTO `profiles` (`user_id`, `sex`, `birthday`, `hometown`, `photo_id`, `region_id`) VALUES (115, 'f', '2010-05-27', 'fort', 15, 25);
INSERT INTO `profiles` (`user_id`, `sex`, `birthday`, `hometown`, `photo_id`, `region_id`) VALUES (116, 'm', '2018-07-24', 'side', 16, 26);
INSERT INTO `profiles` (`user_id`, `sex`, `birthday`, `hometown`, `photo_id`, `region_id`) VALUES (117, 'f', '2009-03-22', 'furt', 17, 27);
INSERT INTO `profiles` (`user_id`, `sex`, `birthday`, `hometown`, `photo_id`, `region_id`) VALUES (118, 'f', '2003-02-17', 'burgh', 18, 28);
INSERT INTO `profiles` (`user_id`, `sex`, `birthday`, `hometown`, `photo_id`, `region_id`) VALUES (119, 'm', '1971-07-23', 'mouth', 19, 29);
INSERT INTO `profiles` (`user_id`, `sex`, `birthday`, `hometown`, `photo_id`, `region_id`) VALUES (120, 'm', '1971-05-29', 'berg', 20, 30);
INSERT INTO `profiles` (`user_id`, `sex`, `birthday`, `hometown`, `photo_id`, `region_id`) VALUES (121, 'm', '1982-10-26', 'stad', 21, 1);
INSERT INTO `profiles` (`user_id`, `sex`, `birthday`, `hometown`, `photo_id`, `region_id`) VALUES (122, 'm', '1988-08-07', 'furt', 22, 2);
INSERT INTO `profiles` (`user_id`, `sex`, `birthday`, `hometown`, `photo_id`, `region_id`) VALUES (123, 'm', '2007-06-03', 'ton', 23, 3);
INSERT INTO `profiles` (`user_id`, `sex`, `birthday`, `hometown`, `photo_id`, `region_id`) VALUES (124, 'f', '2015-05-14', 'furt', 24, 4);
INSERT INTO `profiles` (`user_id`, `sex`, `birthday`, `hometown`, `photo_id`, `region_id`) VALUES (125, 'f', '1974-03-06', 'land', 25, 5);
INSERT INTO `profiles` (`user_id`, `sex`, `birthday`, `hometown`, `photo_id`, `region_id`) VALUES (126, 'm', '2018-07-01', 'mouth', 26, 6);
INSERT INTO `profiles` (`user_id`, `sex`, `birthday`, `hometown`, `photo_id`, `region_id`) VALUES (127, 'm', '2005-11-05', 'side', 27, 7);
INSERT INTO `profiles` (`user_id`, `sex`, `birthday`, `hometown`, `photo_id`, `region_id`) VALUES (128, 'm', '2011-03-26', 'chester', 28, 8);
INSERT INTO `profiles` (`user_id`, `sex`, `birthday`, `hometown`, `photo_id`, `region_id`) VALUES (129, 'f', '1992-08-19', 'burgh', 29, 9);
INSERT INTO `profiles` (`user_id`, `sex`, `birthday`, `hometown`, `photo_id`, `region_id`) VALUES (130, 'm', '2001-09-30', 'bury', 30, 10);
INSERT INTO `profiles` (`user_id`, `sex`, `birthday`, `hometown`, `photo_id`, `region_id`) VALUES (131, 'f', '1980-02-04', 'ton', 31, 11);
INSERT INTO `profiles` (`user_id`, `sex`, `birthday`, `hometown`, `photo_id`, `region_id`) VALUES (132, 'f', '2009-10-08', 'ton', 32, 12);
INSERT INTO `profiles` (`user_id`, `sex`, `birthday`, `hometown`, `photo_id`, `region_id`) VALUES (133, 'm', '1996-07-09', 'furt', 33, 13);
INSERT INTO `profiles` (`user_id`, `sex`, `birthday`, `hometown`, `photo_id`, `region_id`) VALUES (134, 'm', '2003-06-22', 'shire', 34, 14);
INSERT INTO `profiles` (`user_id`, `sex`, `birthday`, `hometown`, `photo_id`, `region_id`) VALUES (135, 'f', '1995-09-03', 'mouth', 35, 15);
INSERT INTO `profiles` (`user_id`, `sex`, `birthday`, `hometown`, `photo_id`, `region_id`) VALUES (136, 'f', '2000-07-26', 'furt', 36, 16);
INSERT INTO `profiles` (`user_id`, `sex`, `birthday`, `hometown`, `photo_id`, `region_id`) VALUES (137, 'f', '1988-06-03', 'bury', 37, 17);
INSERT INTO `profiles` (`user_id`, `sex`, `birthday`, `hometown`, `photo_id`, `region_id`) VALUES (138, 'm', '2017-03-17', 'mouth', 38, 18);
INSERT INTO `profiles` (`user_id`, `sex`, `birthday`, `hometown`, `photo_id`, `region_id`) VALUES (139, 'f', '1996-06-24', 'mouth', 39, 19);
INSERT INTO `profiles` (`user_id`, `sex`, `birthday`, `hometown`, `photo_id`, `region_id`) VALUES (140, 'f', '2012-05-09', 'land', 40, 20);
INSERT INTO `profiles` (`user_id`, `sex`, `birthday`, `hometown`, `photo_id`, `region_id`) VALUES (141, 'f', '2006-03-16', 'ville', 41, 21);
INSERT INTO `profiles` (`user_id`, `sex`, `birthday`, `hometown`, `photo_id`, `region_id`) VALUES (142, 'm', '1999-02-09', 'borough', 42, 22);
INSERT INTO `profiles` (`user_id`, `sex`, `birthday`, `hometown`, `photo_id`, `region_id`) VALUES (143, 'm', '2017-06-17', 'bury', 43, 23);
INSERT INTO `profiles` (`user_id`, `sex`, `birthday`, `hometown`, `photo_id`, `region_id`) VALUES (144, 'f', '1979-09-18', 'borough', 44, 24);
INSERT INTO `profiles` (`user_id`, `sex`, `birthday`, `hometown`, `photo_id`, `region_id`) VALUES (145, 'f', '1993-01-20', 'side', 45, 25);
INSERT INTO `profiles` (`user_id`, `sex`, `birthday`, `hometown`, `photo_id`, `region_id`) VALUES (146, 'm', '1997-09-03', 'chester', 46, 26);
INSERT INTO `profiles` (`user_id`, `sex`, `birthday`, `hometown`, `photo_id`, `region_id`) VALUES (147, 'f', '1989-05-20', 'berg', 47, 27);
INSERT INTO `profiles` (`user_id`, `sex`, `birthday`, `hometown`, `photo_id`, `region_id`) VALUES (148, 'm', '2014-03-08', 'fort', 48, 28);
INSERT INTO `profiles` (`user_id`, `sex`, `birthday`, `hometown`, `photo_id`, `region_id`) VALUES (149, 'm', '2009-09-11', 'port', 49, 29);
INSERT INTO `profiles` (`user_id`, `sex`, `birthday`, `hometown`, `photo_id`, `region_id`) VALUES (150, 'm', '2012-12-14', 'haven', 50, 30);


#
# TABLE STRUCTURE FOR: regions
#

DROP TABLE IF EXISTS `regions`;

CREATE TABLE `regions` (
  `id` int(10) unsigned NOT NULL AUTO_INCREMENT,
  `name` varchar(150) COLLATE utf8_unicode_ci NOT NULL,
  `parent_id` int(10) unsigned DEFAULT NULL,
  `code` int(11) DEFAULT NULL,
  `zip` int(11) DEFAULT NULL,
  `created_at` datetime DEFAULT current_timestamp(),
  `updated_at` datetime DEFAULT current_timestamp() ON UPDATE current_timestamp(),
  PRIMARY KEY (`id`)
) ENGINE=InnoDB AUTO_INCREMENT=31 DEFAULT CHARSET=utf8 COLLATE=utf8_unicode_ci;

INSERT INTO `regions` (`id`, `name`, `parent_id`, `code`, `zip`, `created_at`, `updated_at`) VALUES (1, 'est', NULL, 0, 50353, '1979-04-13 13:58:45', '2012-05-24 09:41:09');
INSERT INTO `regions` (`id`, `name`, `parent_id`, `code`, `zip`, `created_at`, `updated_at`) VALUES (2, 'est', NULL, 0, 70378, '2003-06-02 07:12:40', '1973-05-31 15:56:42');
INSERT INTO `regions` (`id`, `name`, `parent_id`, `code`, `zip`, `created_at`, `updated_at`) VALUES (3, 'est', NULL, 0, 6533, '2009-10-28 18:44:48', '1980-04-26 07:45:35');
INSERT INTO `regions` (`id`, `name`, `parent_id`, `code`, `zip`, `created_at`, `updated_at`) VALUES (4, 'cupiditate', NULL, 0, 76509, '1981-07-16 01:57:03', '2017-07-23 18:19:15');
INSERT INTO `regions` (`id`, `name`, `parent_id`, `code`, `zip`, `created_at`, `updated_at`) VALUES (5, 'incidunt', NULL, 0, 36872, '2015-12-14 17:01:12', '1985-03-16 02:04:34');
INSERT INTO `regions` (`id`, `name`, `parent_id`, `code`, `zip`, `created_at`, `updated_at`) VALUES (6, 'perferendis', NULL, 0, 64393, '2007-04-04 13:05:19', '1995-04-14 16:47:37');
INSERT INTO `regions` (`id`, `name`, `parent_id`, `code`, `zip`, `created_at`, `updated_at`) VALUES (7, 'perferendis', NULL, 0, 61931, '2012-02-28 21:36:01', '1977-03-04 02:57:03');
INSERT INTO `regions` (`id`, `name`, `parent_id`, `code`, `zip`, `created_at`, `updated_at`) VALUES (8, 'aut', NULL, 0, 11186, '2002-06-15 05:43:18', '1997-11-22 01:48:52');
INSERT INTO `regions` (`id`, `name`, `parent_id`, `code`, `zip`, `created_at`, `updated_at`) VALUES (9, 'voluptatum', NULL, 0, 37602, '2011-07-20 15:05:11', '1974-11-17 14:11:18');
INSERT INTO `regions` (`id`, `name`, `parent_id`, `code`, `zip`, `created_at`, `updated_at`) VALUES (10, 'maiores', NULL, 0, 28903, '1970-10-24 00:44:37', '1992-09-17 06:23:19');
INSERT INTO `regions` (`id`, `name`, `parent_id`, `code`, `zip`, `created_at`, `updated_at`) VALUES (11, 'omnis', NULL, 0, 35277, '1987-04-07 17:26:26', '1982-11-03 02:12:25');
INSERT INTO `regions` (`id`, `name`, `parent_id`, `code`, `zip`, `created_at`, `updated_at`) VALUES (12, 'non', NULL, 0, 62164, '1975-03-03 15:08:18', '1994-05-15 19:55:36');
INSERT INTO `regions` (`id`, `name`, `parent_id`, `code`, `zip`, `created_at`, `updated_at`) VALUES (13, 'voluptatem', NULL, 0, 23778, '1973-12-09 21:33:59', '1986-02-28 14:44:52');
INSERT INTO `regions` (`id`, `name`, `parent_id`, `code`, `zip`, `created_at`, `updated_at`) VALUES (14, 'deleniti', NULL, 0, 76926, '1999-06-13 23:26:52', '1994-07-08 17:21:33');
INSERT INTO `regions` (`id`, `name`, `parent_id`, `code`, `zip`, `created_at`, `updated_at`) VALUES (15, 'eveniet', NULL, 0, 64645, '1987-06-19 14:20:52', '1998-01-30 22:15:48');
INSERT INTO `regions` (`id`, `name`, `parent_id`, `code`, `zip`, `created_at`, `updated_at`) VALUES (16, 'a', NULL, 0, 42120, '1987-10-02 18:57:21', '1998-07-22 04:03:43');
INSERT INTO `regions` (`id`, `name`, `parent_id`, `code`, `zip`, `created_at`, `updated_at`) VALUES (17, 'eveniet', NULL, 0, 3656, '2010-06-05 16:50:47', '1975-10-31 18:25:36');
INSERT INTO `regions` (`id`, `name`, `parent_id`, `code`, `zip`, `created_at`, `updated_at`) VALUES (18, 'distinctio', NULL, 0, 43418, '1998-05-17 16:46:56', '2014-08-22 10:10:43');
INSERT INTO `regions` (`id`, `name`, `parent_id`, `code`, `zip`, `created_at`, `updated_at`) VALUES (19, 'at', NULL, 0, 40569, '1991-11-27 22:07:30', '1993-12-20 15:32:34');
INSERT INTO `regions` (`id`, `name`, `parent_id`, `code`, `zip`, `created_at`, `updated_at`) VALUES (20, 'odio', NULL, 0, 7716, '1975-04-11 07:03:10', '2004-12-16 16:39:33');
INSERT INTO `regions` (`id`, `name`, `parent_id`, `code`, `zip`, `created_at`, `updated_at`) VALUES (21, 'quam', NULL, 0, 84134, '2017-06-01 05:03:39', '1970-02-21 18:41:27');
INSERT INTO `regions` (`id`, `name`, `parent_id`, `code`, `zip`, `created_at`, `updated_at`) VALUES (22, 'sit', NULL, 0, 64157, '2013-02-27 06:21:56', '1997-02-16 21:46:10');
INSERT INTO `regions` (`id`, `name`, `parent_id`, `code`, `zip`, `created_at`, `updated_at`) VALUES (23, 'iure', NULL, 0, 60318, '1973-06-17 08:54:16', '2007-01-06 11:22:57');
INSERT INTO `regions` (`id`, `name`, `parent_id`, `code`, `zip`, `created_at`, `updated_at`) VALUES (24, 'id', NULL, 0, 42738, '2015-11-01 16:46:19', '1990-08-20 13:55:45');
INSERT INTO `regions` (`id`, `name`, `parent_id`, `code`, `zip`, `created_at`, `updated_at`) VALUES (25, 'sunt', NULL, 0, 11907, '2002-12-10 17:46:14', '1997-08-05 17:13:07');
INSERT INTO `regions` (`id`, `name`, `parent_id`, `code`, `zip`, `created_at`, `updated_at`) VALUES (26, 'quasi', NULL, 0, 12220, '2004-03-12 14:32:24', '2003-05-14 08:18:36');
INSERT INTO `regions` (`id`, `name`, `parent_id`, `code`, `zip`, `created_at`, `updated_at`) VALUES (27, 'voluptate', NULL, 0, 32249, '1991-08-31 22:07:58', '1976-05-15 11:25:02');
INSERT INTO `regions` (`id`, `name`, `parent_id`, `code`, `zip`, `created_at`, `updated_at`) VALUES (28, 'perspiciatis', NULL, 0, 86528, '2013-09-29 21:57:55', '2010-07-17 13:08:39');
INSERT INTO `regions` (`id`, `name`, `parent_id`, `code`, `zip`, `created_at`, `updated_at`) VALUES (29, 'aliquid', NULL, 0, 13189, '1994-05-19 12:44:11', '2015-06-27 07:23:07');
INSERT INTO `regions` (`id`, `name`, `parent_id`, `code`, `zip`, `created_at`, `updated_at`) VALUES (30, 'temporibus', NULL, 0, 9047, '1971-07-31 16:08:42', '2012-04-14 23:24:51');


#
# TABLE STRUCTURE FOR: target_types
#

DROP TABLE IF EXISTS `target_types`;

CREATE TABLE `target_types` (
  `id` int(10) unsigned NOT NULL AUTO_INCREMENT,
  `name` varchar(255) COLLATE utf8_unicode_ci NOT NULL,
  `created_at` datetime DEFAULT current_timestamp(),
  PRIMARY KEY (`id`),
  UNIQUE KEY `name` (`name`)
) ENGINE=InnoDB AUTO_INCREMENT=5 DEFAULT CHARSET=utf8 COLLATE=utf8_unicode_ci;

INSERT INTO `target_types` (`id`, `name`, `created_at`) VALUES (1, 'image', '2017-10-15 04:36:00');
INSERT INTO `target_types` (`id`, `name`, `created_at`) VALUES (2, 'post', '2007-01-18 06:40:48');
INSERT INTO `target_types` (`id`, `name`, `created_at`) VALUES (3, 'user', '1994-04-23 13:59:03');
INSERT INTO `target_types` (`id`, `name`, `created_at`) VALUES (4, 'video', '1986-11-05 12:55:46');


#
# TABLE STRUCTURE FOR: users
#

DROP TABLE IF EXISTS `users`;

CREATE TABLE `users` (
  `id` int(10) unsigned NOT NULL AUTO_INCREMENT,
  `first_name` varchar(100) COLLATE utf8_unicode_ci NOT NULL,
  `last_name` varchar(100) COLLATE utf8_unicode_ci NOT NULL,
  `email` varchar(120) COLLATE utf8_unicode_ci NOT NULL,
  `phone` varchar(120) COLLATE utf8_unicode_ci NOT NULL,
  `created_at` datetime DEFAULT current_timestamp(),
  `updated_at` datetime DEFAULT current_timestamp() ON UPDATE current_timestamp(),
  PRIMARY KEY (`id`),
  UNIQUE KEY `email` (`email`),
  UNIQUE KEY `phone` (`phone`)
) ENGINE=InnoDB AUTO_INCREMENT=151 DEFAULT CHARSET=utf8 COLLATE=utf8_unicode_ci;

INSERT INTO `users` (`id`, `first_name`, `last_name`, `email`, `phone`, `created_at`, `updated_at`) VALUES (1, 'Ernestina', 'Kris', 'o\'connell.danial@example.net', '586.632.8666x652', '1993-11-14 07:09:06', '1991-12-26 12:52:27');
INSERT INTO `users` (`id`, `first_name`, `last_name`, `email`, `phone`, `created_at`, `updated_at`) VALUES (2, 'Horace', 'Frami', 'dnikolaus@example.com', '1-520-266-2838', '1974-08-15 22:01:55', '2000-06-20 17:27:14');
INSERT INTO `users` (`id`, `first_name`, `last_name`, `email`, `phone`, `created_at`, `updated_at`) VALUES (3, 'Lexus', 'Blanda', 'susie17@example.net', '439.458.2749x2516', '1976-08-17 17:14:53', '1995-07-06 05:42:07');
INSERT INTO `users` (`id`, `first_name`, `last_name`, `email`, `phone`, `created_at`, `updated_at`) VALUES (4, 'Wade', 'Ferry', 'anderson.wilfredo@example.org', '1-164-638-0618', '1992-07-10 20:35:09', '2004-02-26 14:41:26');
INSERT INTO `users` (`id`, `first_name`, `last_name`, `email`, `phone`, `created_at`, `updated_at`) VALUES (5, 'Sammie', 'Champlin', 'ykuhn@example.net', '298-077-8380', '1985-10-06 07:29:04', '2016-11-30 21:19:35');
INSERT INTO `users` (`id`, `first_name`, `last_name`, `email`, `phone`, `created_at`, `updated_at`) VALUES (6, 'Wilfrid', 'Schuppe', 'sjacobi@example.net', '1-422-696-9727x326', '1975-03-21 06:00:32', '2004-03-31 15:38:25');
INSERT INTO `users` (`id`, `first_name`, `last_name`, `email`, `phone`, `created_at`, `updated_at`) VALUES (7, 'Nakia', 'Johnston', 'gaylord.carmine@example.org', '1-724-880-4280', '2012-04-10 13:59:44', '1976-11-09 11:50:48');
INSERT INTO `users` (`id`, `first_name`, `last_name`, `email`, `phone`, `created_at`, `updated_at`) VALUES (8, 'Tianna', 'Friesen', 'antonette.morar@example.org', '(602)296-8564', '2006-03-20 16:38:10', '2006-03-14 15:57:20');
INSERT INTO `users` (`id`, `first_name`, `last_name`, `email`, `phone`, `created_at`, `updated_at`) VALUES (9, 'Hassie', 'Quigley', 'odoyle@example.org', '+24(1)0098712340', '2013-07-02 11:50:48', '1976-07-30 17:01:01');
INSERT INTO `users` (`id`, `first_name`, `last_name`, `email`, `phone`, `created_at`, `updated_at`) VALUES (10, 'Devonte', 'Cormier', 'sledner@example.com', '374-444-2901x28082', '2016-07-07 06:51:46', '1983-02-16 06:41:58');
INSERT INTO `users` (`id`, `first_name`, `last_name`, `email`, `phone`, `created_at`, `updated_at`) VALUES (11, 'Petra', 'Wiza', 'hassan23@example.com', '+28(6)9865605774', '1973-05-25 02:36:09', '1979-03-18 05:09:42');
INSERT INTO `users` (`id`, `first_name`, `last_name`, `email`, `phone`, `created_at`, `updated_at`) VALUES (12, 'Cora', 'Bednar', 'o\'conner.elisha@example.com', '824-047-0658x50611', '2011-12-12 17:27:20', '1982-03-15 23:54:27');
INSERT INTO `users` (`id`, `first_name`, `last_name`, `email`, `phone`, `created_at`, `updated_at`) VALUES (13, 'Gwen', 'Weissnat', 'ycrona@example.org', '07884267692', '2007-03-25 21:08:04', '1989-12-08 13:37:58');
INSERT INTO `users` (`id`, `first_name`, `last_name`, `email`, `phone`, `created_at`, `updated_at`) VALUES (14, 'Cornell', 'Langosh', 'modesto.renner@example.net', '1-140-330-4336x47170', '2019-08-04 20:27:54', '1998-02-27 07:34:12');
INSERT INTO `users` (`id`, `first_name`, `last_name`, `email`, `phone`, `created_at`, `updated_at`) VALUES (15, 'Noe', 'Morar', 'elroy.kohler@example.net', '093-618-4010x091', '2008-11-25 02:06:59', '1981-01-15 12:54:32');
INSERT INTO `users` (`id`, `first_name`, `last_name`, `email`, `phone`, `created_at`, `updated_at`) VALUES (16, 'Adalberto', 'Stark', 'kutch.warren@example.com', '185.466.1308x541', '2003-09-23 16:56:19', '1970-01-18 17:08:37');
INSERT INTO `users` (`id`, `first_name`, `last_name`, `email`, `phone`, `created_at`, `updated_at`) VALUES (17, 'Ashley', 'Howe', 'larson.polly@example.com', '(313)238-4180', '2008-03-09 18:49:36', '2015-09-07 12:19:05');
INSERT INTO `users` (`id`, `first_name`, `last_name`, `email`, `phone`, `created_at`, `updated_at`) VALUES (18, 'Clark', 'Maggio', 'kennedy.fisher@example.net', '814-727-2988x4915', '1997-01-13 21:48:31', '1972-03-03 17:47:38');
INSERT INTO `users` (`id`, `first_name`, `last_name`, `email`, `phone`, `created_at`, `updated_at`) VALUES (19, 'Agustina', 'Botsford', 'erik41@example.com', '030-828-7493', '2016-04-13 20:31:30', '2019-06-29 09:25:45');
INSERT INTO `users` (`id`, `first_name`, `last_name`, `email`, `phone`, `created_at`, `updated_at`) VALUES (20, 'Faye', 'Aufderhar', 'vschroeder@example.net', '(621)007-5485x49743', '1998-03-31 12:03:57', '2009-01-16 10:32:18');
INSERT INTO `users` (`id`, `first_name`, `last_name`, `email`, `phone`, `created_at`, `updated_at`) VALUES (21, 'Anika', 'Hamill', 'howell.lavada@example.com', '810.796.5085x107', '2014-10-29 19:11:12', '1985-01-06 09:46:56');
INSERT INTO `users` (`id`, `first_name`, `last_name`, `email`, `phone`, `created_at`, `updated_at`) VALUES (22, 'Ward', 'Marvin', 'qdenesik@example.org', '737-770-7662x0756', '1991-07-28 22:48:25', '2005-07-17 17:46:06');
INSERT INTO `users` (`id`, `first_name`, `last_name`, `email`, `phone`, `created_at`, `updated_at`) VALUES (23, 'Claudine', 'Dooley', 'mmitchell@example.org', '859-421-2254x408', '2002-09-24 20:18:06', '2002-07-30 12:36:29');
INSERT INTO `users` (`id`, `first_name`, `last_name`, `email`, `phone`, `created_at`, `updated_at`) VALUES (24, 'Tatum', 'Kautzer', 'ratke.joelle@example.net', '1-796-876-2244', '1990-04-10 12:23:31', '1987-07-31 21:07:49');
INSERT INTO `users` (`id`, `first_name`, `last_name`, `email`, `phone`, `created_at`, `updated_at`) VALUES (25, 'Glenda', 'Ebert', 'dereck40@example.org', '1-159-093-5427', '1975-09-13 21:20:31', '1995-01-10 22:02:52');
INSERT INTO `users` (`id`, `first_name`, `last_name`, `email`, `phone`, `created_at`, `updated_at`) VALUES (26, 'Kaci', 'Watsica', 'tillman.abigayle@example.net', '(983)600-0279x99243', '2015-10-06 08:05:58', '2002-05-27 12:07:38');
INSERT INTO `users` (`id`, `first_name`, `last_name`, `email`, `phone`, `created_at`, `updated_at`) VALUES (27, 'Christa', 'Murphy', 'gusikowski.georgiana@example.net', '+06(7)9727803794', '1995-02-24 00:23:12', '2009-03-19 03:39:12');
INSERT INTO `users` (`id`, `first_name`, `last_name`, `email`, `phone`, `created_at`, `updated_at`) VALUES (28, 'Catalina', 'Kuhlman', 'urban.jast@example.com', '1-446-521-4709', '1992-10-21 03:13:44', '2019-09-17 05:55:39');
INSERT INTO `users` (`id`, `first_name`, `last_name`, `email`, `phone`, `created_at`, `updated_at`) VALUES (29, 'Abdul', 'Rutherford', 'o\'kon.oren@example.org', '199.793.4466', '1998-05-20 02:04:03', '1981-09-13 01:58:53');
INSERT INTO `users` (`id`, `first_name`, `last_name`, `email`, `phone`, `created_at`, `updated_at`) VALUES (30, 'Nathen', 'Reinger', 'tromp.jules@example.org', '+84(1)4190836989', '1991-12-22 00:16:25', '1986-12-03 22:41:37');
INSERT INTO `users` (`id`, `first_name`, `last_name`, `email`, `phone`, `created_at`, `updated_at`) VALUES (31, 'Clara', 'Ratke', 'rath.julia@example.org', '333.803.0106x51651', '1976-05-07 08:05:27', '2019-01-22 08:30:53');
INSERT INTO `users` (`id`, `first_name`, `last_name`, `email`, `phone`, `created_at`, `updated_at`) VALUES (32, 'Kenneth', 'Nitzsche', 'littel.annabel@example.com', '(571)376-8074', '1972-10-05 10:49:13', '2001-12-03 18:42:44');
INSERT INTO `users` (`id`, `first_name`, `last_name`, `email`, `phone`, `created_at`, `updated_at`) VALUES (33, 'Marlen', 'Dickens', 'bogan.elfrieda@example.net', '(653)443-6624x101', '2001-09-25 10:53:52', '2016-12-10 10:32:36');
INSERT INTO `users` (`id`, `first_name`, `last_name`, `email`, `phone`, `created_at`, `updated_at`) VALUES (34, 'Germaine', 'Murphy', 'zulauf.jaiden@example.com', '059.658.0166x774', '2005-05-22 19:57:33', '1979-02-14 22:53:37');
INSERT INTO `users` (`id`, `first_name`, `last_name`, `email`, `phone`, `created_at`, `updated_at`) VALUES (35, 'Demetris', 'Deckow', 'domenico.bradtke@example.com', '+88(4)6732422785', '2013-05-05 00:58:24', '1989-08-15 08:39:00');
INSERT INTO `users` (`id`, `first_name`, `last_name`, `email`, `phone`, `created_at`, `updated_at`) VALUES (36, 'Katharina', 'Schultz', 'roy15@example.net', '1-917-130-3947x6424', '2006-06-26 17:21:29', '1990-11-26 17:08:11');
INSERT INTO `users` (`id`, `first_name`, `last_name`, `email`, `phone`, `created_at`, `updated_at`) VALUES (37, 'Larry', 'Hills', 'serenity.williamson@example.net', '06239057854', '2010-08-14 11:30:18', '2001-06-09 13:49:13');
INSERT INTO `users` (`id`, `first_name`, `last_name`, `email`, `phone`, `created_at`, `updated_at`) VALUES (38, 'Elenor', 'Johnston', 'nicolette47@example.net', '(219)350-2262', '1993-08-31 20:34:49', '2009-05-29 19:30:28');
INSERT INTO `users` (`id`, `first_name`, `last_name`, `email`, `phone`, `created_at`, `updated_at`) VALUES (39, 'Levi', 'Treutel', 'brown.carey@example.org', '219.479.8045x9553', '2005-12-30 03:17:29', '1977-04-24 08:12:29');
INSERT INTO `users` (`id`, `first_name`, `last_name`, `email`, `phone`, `created_at`, `updated_at`) VALUES (40, 'Jaycee', 'Stark', 'ghessel@example.net', '1-111-861-6894x322', '1971-08-29 07:59:51', '1989-09-28 04:23:55');
INSERT INTO `users` (`id`, `first_name`, `last_name`, `email`, `phone`, `created_at`, `updated_at`) VALUES (41, 'Leanna', 'Armstrong', 'qkihn@example.com', '(792)631-9157x6118', '1997-12-28 11:17:04', '1984-11-14 11:56:59');
INSERT INTO `users` (`id`, `first_name`, `last_name`, `email`, `phone`, `created_at`, `updated_at`) VALUES (42, 'Joseph', 'Nader', 'rickey47@example.net', '435.112.6900x180', '1989-05-06 11:53:11', '1984-10-24 17:37:03');
INSERT INTO `users` (`id`, `first_name`, `last_name`, `email`, `phone`, `created_at`, `updated_at`) VALUES (43, 'Giovani', 'Kunde', 'giovanna01@example.net', '011-142-6624x15105', '1995-06-16 20:46:53', '1999-01-27 04:56:35');
INSERT INTO `users` (`id`, `first_name`, `last_name`, `email`, `phone`, `created_at`, `updated_at`) VALUES (44, 'Adeline', 'Buckridge', 'aaron97@example.com', '565-204-1505x36440', '1986-05-21 14:07:19', '1993-06-28 12:37:31');
INSERT INTO `users` (`id`, `first_name`, `last_name`, `email`, `phone`, `created_at`, `updated_at`) VALUES (45, 'Reece', 'Block', 'william61@example.org', '434-451-9761', '1977-05-18 00:49:38', '2001-11-11 13:49:22');
INSERT INTO `users` (`id`, `first_name`, `last_name`, `email`, `phone`, `created_at`, `updated_at`) VALUES (46, 'Bailee', 'Orn', 'era.walsh@example.com', '(388)734-0111x28685', '2004-04-06 05:46:51', '1999-03-29 19:02:37');
INSERT INTO `users` (`id`, `first_name`, `last_name`, `email`, `phone`, `created_at`, `updated_at`) VALUES (47, 'Dangelo', 'Beier', 'pauline.boehm@example.org', '1-360-626-2176', '1994-04-13 13:31:21', '2009-05-20 17:28:56');
INSERT INTO `users` (`id`, `first_name`, `last_name`, `email`, `phone`, `created_at`, `updated_at`) VALUES (48, 'Kasandra', 'Dickinson', 'tosinski@example.net', '(451)636-9226x3000', '2017-09-26 19:26:18', '1984-08-09 01:00:47');
INSERT INTO `users` (`id`, `first_name`, `last_name`, `email`, `phone`, `created_at`, `updated_at`) VALUES (49, 'Shanon', 'Nader', 'margot77@example.net', '(374)953-2203x983', '2011-06-02 21:54:52', '1974-12-03 17:57:01');
INSERT INTO `users` (`id`, `first_name`, `last_name`, `email`, `phone`, `created_at`, `updated_at`) VALUES (50, 'Hilda', 'Bradtke', 'cathryn77@example.com', '(566)876-6878x856', '1972-10-07 12:04:08', '1974-09-22 16:21:50');
INSERT INTO `users` (`id`, `first_name`, `last_name`, `email`, `phone`, `created_at`, `updated_at`) VALUES (51, 'Drake', 'Brekke', 'stanley.auer@example.com', '1-720-783-1993', '2005-10-05 22:38:47', '1988-09-17 12:00:41');
INSERT INTO `users` (`id`, `first_name`, `last_name`, `email`, `phone`, `created_at`, `updated_at`) VALUES (52, 'Eleanora', 'Towne', 'kris.keebler@example.org', '213.329.8461x64618', '1993-04-24 11:25:52', '2001-05-02 19:52:30');
INSERT INTO `users` (`id`, `first_name`, `last_name`, `email`, `phone`, `created_at`, `updated_at`) VALUES (53, 'Elenora', 'Fisher', 'arno.effertz@example.net', '077.747.5190x1678', '1973-12-20 10:23:02', '2011-04-24 18:38:57');
INSERT INTO `users` (`id`, `first_name`, `last_name`, `email`, `phone`, `created_at`, `updated_at`) VALUES (54, 'Ernesto', 'Marvin', 'ischulist@example.net', '+35(6)4828489439', '1983-04-30 14:40:21', '2004-02-22 21:30:03');
INSERT INTO `users` (`id`, `first_name`, `last_name`, `email`, `phone`, `created_at`, `updated_at`) VALUES (55, 'Destin', 'Conn', 'darlene59@example.net', '517.181.2034', '1988-03-10 21:52:14', '1992-10-29 06:04:38');
INSERT INTO `users` (`id`, `first_name`, `last_name`, `email`, `phone`, `created_at`, `updated_at`) VALUES (56, 'Delta', 'Quitzon', 'nico16@example.com', '1-796-430-9566x255', '1997-04-17 19:39:00', '1990-11-24 11:09:15');
INSERT INTO `users` (`id`, `first_name`, `last_name`, `email`, `phone`, `created_at`, `updated_at`) VALUES (57, 'Kiara', 'Leuschke', 'juliet.bauch@example.net', '1-689-372-5665x512', '1983-09-25 22:23:46', '2018-02-05 00:37:55');
INSERT INTO `users` (`id`, `first_name`, `last_name`, `email`, `phone`, `created_at`, `updated_at`) VALUES (58, 'Emory', 'Erdman', 'bins.broderick@example.net', '680.873.3322', '1994-10-14 01:03:04', '1970-04-04 12:44:54');
INSERT INTO `users` (`id`, `first_name`, `last_name`, `email`, `phone`, `created_at`, `updated_at`) VALUES (59, 'Raoul', 'Goldner', 'cweimann@example.org', '027.082.1292x69361', '1994-12-13 19:51:46', '2008-01-28 22:05:19');
INSERT INTO `users` (`id`, `first_name`, `last_name`, `email`, `phone`, `created_at`, `updated_at`) VALUES (60, 'Garret', 'Kohler', 'heller.helen@example.net', '(414)652-3307x2132', '2018-07-20 21:21:46', '2004-01-28 16:09:56');
INSERT INTO `users` (`id`, `first_name`, `last_name`, `email`, `phone`, `created_at`, `updated_at`) VALUES (61, 'Carroll', 'Collins', 'louisa63@example.com', '1-114-019-8749', '1979-01-07 17:31:51', '1982-09-08 20:35:15');
INSERT INTO `users` (`id`, `first_name`, `last_name`, `email`, `phone`, `created_at`, `updated_at`) VALUES (62, 'Orie', 'Jenkins', 'maggio.alexandrea@example.org', '06401964252', '1985-07-19 09:19:37', '2008-11-07 22:43:36');
INSERT INTO `users` (`id`, `first_name`, `last_name`, `email`, `phone`, `created_at`, `updated_at`) VALUES (63, 'Danielle', 'Donnelly', 'brakus.ariel@example.org', '961-915-9266x751', '2005-09-02 20:24:26', '2019-01-14 08:58:09');
INSERT INTO `users` (`id`, `first_name`, `last_name`, `email`, `phone`, `created_at`, `updated_at`) VALUES (64, 'Willard', 'Pfeffer', 'white.kathryn@example.com', '1-638-318-9429x744', '1973-08-01 07:12:45', '1979-01-13 02:33:30');
INSERT INTO `users` (`id`, `first_name`, `last_name`, `email`, `phone`, `created_at`, `updated_at`) VALUES (65, 'Otto', 'Heaney', 'helene.rutherford@example.com', '723-725-9785x69792', '2008-02-05 06:08:28', '1981-10-03 12:49:30');
INSERT INTO `users` (`id`, `first_name`, `last_name`, `email`, `phone`, `created_at`, `updated_at`) VALUES (66, 'Davin', 'Ullrich', 'kshields@example.net', '997-048-2942x3674', '1995-01-18 03:45:33', '1982-07-31 21:54:04');
INSERT INTO `users` (`id`, `first_name`, `last_name`, `email`, `phone`, `created_at`, `updated_at`) VALUES (67, 'Narciso', 'Jacobson', 'judge.mante@example.net', '+42(6)2215941132', '2000-07-06 14:20:24', '1988-01-18 18:47:00');
INSERT INTO `users` (`id`, `first_name`, `last_name`, `email`, `phone`, `created_at`, `updated_at`) VALUES (68, 'Reinhold', 'Stanton', 'rempel.kattie@example.net', '(918)377-8103x6608', '2001-05-16 18:09:01', '1971-07-26 17:02:06');
INSERT INTO `users` (`id`, `first_name`, `last_name`, `email`, `phone`, `created_at`, `updated_at`) VALUES (69, 'Samantha', 'Huel', 'violette49@example.org', '1-045-548-0844x250', '2001-07-19 18:15:58', '2017-01-26 10:20:34');
INSERT INTO `users` (`id`, `first_name`, `last_name`, `email`, `phone`, `created_at`, `updated_at`) VALUES (70, 'Armand', 'Marvin', 'mohr.cecilia@example.org', '+23(3)7555940410', '1974-12-09 08:52:33', '1988-06-09 13:16:27');
INSERT INTO `users` (`id`, `first_name`, `last_name`, `email`, `phone`, `created_at`, `updated_at`) VALUES (71, 'Zackary', 'Abbott', 'ernesto92@example.net', '108.467.3739x71782', '1981-02-24 10:47:59', '1975-10-07 19:04:24');
INSERT INTO `users` (`id`, `first_name`, `last_name`, `email`, `phone`, `created_at`, `updated_at`) VALUES (72, 'Xzavier', 'Dibbert', 'elna.rippin@example.org', '142-542-1001x86140', '2018-04-02 11:35:14', '2010-12-10 13:30:43');
INSERT INTO `users` (`id`, `first_name`, `last_name`, `email`, `phone`, `created_at`, `updated_at`) VALUES (73, 'Domingo', 'Boyle', 'tconnelly@example.com', '09667805206', '2012-09-14 05:31:26', '1996-03-17 07:51:48');
INSERT INTO `users` (`id`, `first_name`, `last_name`, `email`, `phone`, `created_at`, `updated_at`) VALUES (74, 'Felicia', 'Gutkowski', 'flatley.earline@example.org', '439.927.6428', '2015-06-09 04:12:37', '1990-12-15 13:58:10');
INSERT INTO `users` (`id`, `first_name`, `last_name`, `email`, `phone`, `created_at`, `updated_at`) VALUES (75, 'Maggie', 'Bartoletti', 'aratke@example.com', '1-500-173-8658', '2005-08-19 08:14:39', '2003-03-17 01:21:58');
INSERT INTO `users` (`id`, `first_name`, `last_name`, `email`, `phone`, `created_at`, `updated_at`) VALUES (76, 'Lily', 'White', 'joyce88@example.org', '1-771-409-2211', '2012-03-11 13:50:20', '1984-09-28 04:16:31');
INSERT INTO `users` (`id`, `first_name`, `last_name`, `email`, `phone`, `created_at`, `updated_at`) VALUES (77, 'Joy', 'Anderson', 'bhammes@example.net', '025.305.3185x57108', '2015-04-19 10:54:33', '2006-11-24 06:51:04');
INSERT INTO `users` (`id`, `first_name`, `last_name`, `email`, `phone`, `created_at`, `updated_at`) VALUES (78, 'Valentina', 'Ernser', 'ebrekke@example.com', '029-973-4369x162', '2019-06-17 19:23:25', '2009-09-12 09:59:55');
INSERT INTO `users` (`id`, `first_name`, `last_name`, `email`, `phone`, `created_at`, `updated_at`) VALUES (79, 'Kane', 'Schmitt', 'joanne.schmeler@example.com', '05271657466', '1985-04-18 11:49:57', '1994-10-23 20:53:12');
INSERT INTO `users` (`id`, `first_name`, `last_name`, `email`, `phone`, `created_at`, `updated_at`) VALUES (80, 'Reuben', 'Armstrong', 'olueilwitz@example.com', '(169)712-8575x632', '2001-06-12 08:45:51', '1999-04-17 08:08:12');
INSERT INTO `users` (`id`, `first_name`, `last_name`, `email`, `phone`, `created_at`, `updated_at`) VALUES (81, 'Rollin', 'Davis', 'wkautzer@example.org', '+91(6)4425865598', '2012-09-07 00:30:48', '1993-12-11 06:25:59');
INSERT INTO `users` (`id`, `first_name`, `last_name`, `email`, `phone`, `created_at`, `updated_at`) VALUES (82, 'Adela', 'Dare', 'lon13@example.org', '401-210-7258', '1998-09-20 20:01:27', '2004-04-10 08:11:18');
INSERT INTO `users` (`id`, `first_name`, `last_name`, `email`, `phone`, `created_at`, `updated_at`) VALUES (83, 'Shanel', 'O\'Keefe', 'ernest96@example.org', '378-737-0393x349', '2010-01-16 08:35:43', '1980-10-27 06:11:23');
INSERT INTO `users` (`id`, `first_name`, `last_name`, `email`, `phone`, `created_at`, `updated_at`) VALUES (84, 'Peyton', 'Schuppe', 'karen.johns@example.com', '946.104.9332', '2008-04-03 23:24:26', '1977-04-17 05:53:36');
INSERT INTO `users` (`id`, `first_name`, `last_name`, `email`, `phone`, `created_at`, `updated_at`) VALUES (85, 'Ole', 'Walker', 'sdibbert@example.net', '1-949-150-3457x4594', '2018-08-16 18:26:12', '1984-06-21 12:00:54');
INSERT INTO `users` (`id`, `first_name`, `last_name`, `email`, `phone`, `created_at`, `updated_at`) VALUES (86, 'Leopold', 'Sanford', 'jaylon63@example.net', '1-188-597-4892x3670', '2008-06-27 12:24:34', '1992-11-26 22:25:35');
INSERT INTO `users` (`id`, `first_name`, `last_name`, `email`, `phone`, `created_at`, `updated_at`) VALUES (87, 'Adah', 'Murphy', 'dprice@example.net', '285-600-8821x34464', '1986-11-14 21:56:23', '1976-11-28 08:44:14');
INSERT INTO `users` (`id`, `first_name`, `last_name`, `email`, `phone`, `created_at`, `updated_at`) VALUES (88, 'Nayeli', 'Harris', 'dvandervort@example.com', '492.403.4305x3915', '2005-01-16 17:01:09', '2017-11-25 15:27:33');
INSERT INTO `users` (`id`, `first_name`, `last_name`, `email`, `phone`, `created_at`, `updated_at`) VALUES (89, 'Joannie', 'Robel', 'vicenta.keebler@example.com', '1-109-628-3841x9794', '1995-10-24 04:17:35', '2012-02-07 19:12:28');
INSERT INTO `users` (`id`, `first_name`, `last_name`, `email`, `phone`, `created_at`, `updated_at`) VALUES (90, 'Rhiannon', 'Weissnat', 'fred81@example.com', '213-538-9779x4534', '2008-07-01 05:00:07', '2005-03-25 10:53:29');
INSERT INTO `users` (`id`, `first_name`, `last_name`, `email`, `phone`, `created_at`, `updated_at`) VALUES (91, 'Jalen', 'Walker', 'berta74@example.com', '1-404-221-6780x24030', '2004-09-14 11:45:24', '1977-09-05 14:25:34');
INSERT INTO `users` (`id`, `first_name`, `last_name`, `email`, `phone`, `created_at`, `updated_at`) VALUES (92, 'Pietro', 'Kuhlman', 'paucek.lillian@example.com', '1-943-257-2250x8813', '1999-06-24 20:19:08', '1988-04-11 20:51:35');
INSERT INTO `users` (`id`, `first_name`, `last_name`, `email`, `phone`, `created_at`, `updated_at`) VALUES (93, 'Darien', 'Kris', 'zelma94@example.org', '(628)512-8913x490', '1983-09-11 23:55:44', '1970-12-12 12:37:02');
INSERT INTO `users` (`id`, `first_name`, `last_name`, `email`, `phone`, `created_at`, `updated_at`) VALUES (94, 'Katelyn', 'Larson', 'cassidy75@example.net', '766-563-5907x20745', '1976-04-08 07:55:45', '2008-09-24 06:14:58');
INSERT INTO `users` (`id`, `first_name`, `last_name`, `email`, `phone`, `created_at`, `updated_at`) VALUES (95, 'Isaiah', 'Roob', 'rosanna60@example.org', '327.192.6506x70698', '1984-04-06 02:10:41', '1989-07-05 04:53:51');
INSERT INTO `users` (`id`, `first_name`, `last_name`, `email`, `phone`, `created_at`, `updated_at`) VALUES (96, 'Mercedes', 'Zboncak', 'levi47@example.com', '1-814-728-5804', '1972-03-21 19:55:24', '2019-07-15 17:09:26');
INSERT INTO `users` (`id`, `first_name`, `last_name`, `email`, `phone`, `created_at`, `updated_at`) VALUES (97, 'Bennett', 'Bogan', 'nina83@example.com', '930.805.0798x83951', '2014-03-26 11:31:13', '1995-12-23 19:35:24');
INSERT INTO `users` (`id`, `first_name`, `last_name`, `email`, `phone`, `created_at`, `updated_at`) VALUES (98, 'Gunner', 'Pouros', 'citlalli13@example.net', '991.927.3124', '2006-04-10 18:56:24', '2002-10-23 08:55:31');
INSERT INTO `users` (`id`, `first_name`, `last_name`, `email`, `phone`, `created_at`, `updated_at`) VALUES (99, 'Kaelyn', 'Harber', 'imani.halvorson@example.com', '07082751685', '2015-11-25 03:54:40', '2003-06-09 20:30:47');
INSERT INTO `users` (`id`, `first_name`, `last_name`, `email`, `phone`, `created_at`, `updated_at`) VALUES (100, 'Alex', 'Ledner', 'berenice.braun@example.net', '1-805-139-8277x3460', '2006-08-12 13:29:07', '1978-04-27 05:51:22');
INSERT INTO `users` (`id`, `first_name`, `last_name`, `email`, `phone`, `created_at`, `updated_at`) VALUES (101, 'Guadalupe', 'Schoen', 'elliot07@example.org', '(042)713-0923', '2015-07-03 02:58:20', '2009-12-23 10:48:14');
INSERT INTO `users` (`id`, `first_name`, `last_name`, `email`, `phone`, `created_at`, `updated_at`) VALUES (102, 'Isabelle', 'Wisozk', 'aschimmel@example.org', '(025)256-1300', '2015-01-18 00:25:15', '2019-04-22 09:44:54');
INSERT INTO `users` (`id`, `first_name`, `last_name`, `email`, `phone`, `created_at`, `updated_at`) VALUES (103, 'Alverta', 'Kuhn', 'torn@example.com', '1-533-963-4950x7365', '1993-04-21 20:34:19', '1982-04-05 06:35:57');
INSERT INTO `users` (`id`, `first_name`, `last_name`, `email`, `phone`, `created_at`, `updated_at`) VALUES (104, 'Evan', 'Stroman', 'brook.white@example.com', '1-036-150-2455x9988', '1984-07-25 21:20:04', '1980-12-01 14:02:25');
INSERT INTO `users` (`id`, `first_name`, `last_name`, `email`, `phone`, `created_at`, `updated_at`) VALUES (105, 'Carole', 'Crona', 'camylle38@example.com', '1-563-131-5253x252', '1970-03-16 18:38:34', '2009-10-10 23:07:29');
INSERT INTO `users` (`id`, `first_name`, `last_name`, `email`, `phone`, `created_at`, `updated_at`) VALUES (106, 'Michelle', 'Pacocha', 'mann.reagan@example.net', '1-270-873-6948x848', '1988-10-26 10:04:46', '2001-02-08 15:16:44');
INSERT INTO `users` (`id`, `first_name`, `last_name`, `email`, `phone`, `created_at`, `updated_at`) VALUES (107, 'Hilario', 'Powlowski', 'pgoodwin@example.org', '1-124-017-4439', '2013-08-28 03:13:01', '1981-04-02 04:51:40');
INSERT INTO `users` (`id`, `first_name`, `last_name`, `email`, `phone`, `created_at`, `updated_at`) VALUES (108, 'Helmer', 'Nienow', 'burley10@example.net', '(666)363-8801', '1982-03-01 23:28:47', '2006-03-12 00:37:22');
INSERT INTO `users` (`id`, `first_name`, `last_name`, `email`, `phone`, `created_at`, `updated_at`) VALUES (109, 'Lourdes', 'Labadie', 'jessy.stehr@example.org', '710-213-9622', '1998-05-30 00:47:32', '1970-04-03 21:52:47');
INSERT INTO `users` (`id`, `first_name`, `last_name`, `email`, `phone`, `created_at`, `updated_at`) VALUES (110, 'Chelsea', 'Murphy', 'adela22@example.com', '003-444-3225', '1976-12-09 15:55:30', '1975-05-04 23:38:59');
INSERT INTO `users` (`id`, `first_name`, `last_name`, `email`, `phone`, `created_at`, `updated_at`) VALUES (111, 'Keara', 'Goldner', 'sipes.emma@example.com', '1-325-092-7311', '2017-06-23 04:44:40', '1990-09-12 11:02:42');
INSERT INTO `users` (`id`, `first_name`, `last_name`, `email`, `phone`, `created_at`, `updated_at`) VALUES (112, 'Alexys', 'Kshlerin', 'nichole.sawayn@example.org', '+74(1)8440322362', '2011-06-18 04:09:44', '2014-06-18 20:50:22');
INSERT INTO `users` (`id`, `first_name`, `last_name`, `email`, `phone`, `created_at`, `updated_at`) VALUES (113, 'Sandy', 'Reichert', 'nquigley@example.net', '(665)375-7814x2089', '2003-12-27 08:09:43', '2008-08-05 02:06:01');
INSERT INTO `users` (`id`, `first_name`, `last_name`, `email`, `phone`, `created_at`, `updated_at`) VALUES (114, 'Lynn', 'Dach', 'loy30@example.com', '08977165402', '1984-05-07 07:10:58', '1978-09-05 20:53:39');
INSERT INTO `users` (`id`, `first_name`, `last_name`, `email`, `phone`, `created_at`, `updated_at`) VALUES (115, 'Isaac', 'Spencer', 'alize19@example.org', '1-670-491-2589', '1973-08-06 16:37:42', '2009-01-27 02:10:46');
INSERT INTO `users` (`id`, `first_name`, `last_name`, `email`, `phone`, `created_at`, `updated_at`) VALUES (116, 'Raina', 'Balistreri', 'rwuckert@example.com', '+97(0)7427844709', '1997-05-08 18:58:33', '1972-08-29 18:15:08');
INSERT INTO `users` (`id`, `first_name`, `last_name`, `email`, `phone`, `created_at`, `updated_at`) VALUES (117, 'Sandrine', 'Hickle', 'cosinski@example.net', '986.370.0667x7755', '1990-04-26 22:15:28', '2011-04-12 01:00:00');
INSERT INTO `users` (`id`, `first_name`, `last_name`, `email`, `phone`, `created_at`, `updated_at`) VALUES (118, 'Missouri', 'Bergnaum', 'bernhard.nikita@example.com', '+10(3)5477117339', '2006-09-27 18:58:44', '1980-02-11 10:25:42');
INSERT INTO `users` (`id`, `first_name`, `last_name`, `email`, `phone`, `created_at`, `updated_at`) VALUES (119, 'Joanne', 'Dooley', 'vborer@example.org', '(747)245-3480x752', '1980-06-25 03:47:47', '1997-12-09 06:03:44');
INSERT INTO `users` (`id`, `first_name`, `last_name`, `email`, `phone`, `created_at`, `updated_at`) VALUES (120, 'Golden', 'Wolff', 'dicki.nils@example.net', '466.953.8805x4631', '1989-02-14 18:06:42', '1970-11-05 12:55:04');
INSERT INTO `users` (`id`, `first_name`, `last_name`, `email`, `phone`, `created_at`, `updated_at`) VALUES (121, 'Keith', 'Friesen', 'emmanuel.sporer@example.net', '618.600.7117', '1972-01-14 12:36:13', '1991-08-02 05:46:33');
INSERT INTO `users` (`id`, `first_name`, `last_name`, `email`, `phone`, `created_at`, `updated_at`) VALUES (122, 'Mona', 'Jones', 'huel.nigel@example.com', '492-783-4493x537', '1985-11-20 05:20:40', '1999-09-07 08:34:00');
INSERT INTO `users` (`id`, `first_name`, `last_name`, `email`, `phone`, `created_at`, `updated_at`) VALUES (123, 'Jamel', 'Nolan', 'davis.shany@example.com', '+59(9)6369355803', '1984-05-24 14:44:11', '2008-02-11 20:19:08');
INSERT INTO `users` (`id`, `first_name`, `last_name`, `email`, `phone`, `created_at`, `updated_at`) VALUES (124, 'Josie', 'Pacocha', 'michele.predovic@example.com', '1-891-429-0370x6092', '1999-07-12 22:28:51', '1980-11-29 03:55:31');
INSERT INTO `users` (`id`, `first_name`, `last_name`, `email`, `phone`, `created_at`, `updated_at`) VALUES (125, 'Mario', 'Larkin', 'bridgette.stracke@example.org', '(130)653-7377x8284', '1986-11-29 01:18:22', '1980-04-13 22:03:30');
INSERT INTO `users` (`id`, `first_name`, `last_name`, `email`, `phone`, `created_at`, `updated_at`) VALUES (126, 'Jaquelin', 'Kuhic', 'abbott.shemar@example.net', '1-060-542-9576', '2006-06-19 18:09:00', '1995-07-22 01:22:47');
INSERT INTO `users` (`id`, `first_name`, `last_name`, `email`, `phone`, `created_at`, `updated_at`) VALUES (127, 'Otha', 'Kemmer', 'jschaefer@example.com', '1-884-852-8687', '1988-06-22 05:31:40', '1998-07-10 20:40:38');
INSERT INTO `users` (`id`, `first_name`, `last_name`, `email`, `phone`, `created_at`, `updated_at`) VALUES (128, 'Shanny', 'Mohr', 'cruz37@example.org', '1-061-031-0943', '2016-08-25 18:46:16', '2002-08-01 14:14:55');
INSERT INTO `users` (`id`, `first_name`, `last_name`, `email`, `phone`, `created_at`, `updated_at`) VALUES (129, 'Caleb', 'Hoppe', 'nicklaus.becker@example.org', '555-337-0870x235', '1983-09-07 11:36:15', '1975-03-20 00:58:00');
INSERT INTO `users` (`id`, `first_name`, `last_name`, `email`, `phone`, `created_at`, `updated_at`) VALUES (130, 'Arvid', 'Fritsch', 'astrid.wisozk@example.net', '302-572-0389', '1974-04-07 10:51:15', '1992-07-28 17:31:46');
INSERT INTO `users` (`id`, `first_name`, `last_name`, `email`, `phone`, `created_at`, `updated_at`) VALUES (131, 'Nyasia', 'Lakin', 'oscar.thompson@example.net', '(961)753-1941x83715', '1993-01-25 12:47:24', '1978-11-06 07:25:22');
INSERT INTO `users` (`id`, `first_name`, `last_name`, `email`, `phone`, `created_at`, `updated_at`) VALUES (132, 'Onie', 'Feest', 'paucek.lizzie@example.org', '923-109-4955x28265', '2009-06-05 04:04:58', '1997-12-19 07:54:57');
INSERT INTO `users` (`id`, `first_name`, `last_name`, `email`, `phone`, `created_at`, `updated_at`) VALUES (133, 'Tyler', 'Hegmann', 'judd.schmidt@example.org', '302-928-5879x0973', '1988-01-15 11:16:19', '2002-09-17 17:38:50');
INSERT INTO `users` (`id`, `first_name`, `last_name`, `email`, `phone`, `created_at`, `updated_at`) VALUES (134, 'Bryce', 'Pacocha', 'tessie74@example.org', '232-045-1801x630', '2001-06-07 09:15:04', '2002-04-14 05:57:25');
INSERT INTO `users` (`id`, `first_name`, `last_name`, `email`, `phone`, `created_at`, `updated_at`) VALUES (135, 'Garret', 'Bednar', 'genoveva.donnelly@example.com', '+65(9)1429626814', '1991-08-19 03:51:24', '2017-05-20 09:11:12');
INSERT INTO `users` (`id`, `first_name`, `last_name`, `email`, `phone`, `created_at`, `updated_at`) VALUES (136, 'Deshawn', 'Goodwin', 'madisyn.hermiston@example.net', '09215994306', '2003-12-12 00:50:53', '1987-03-17 12:13:13');
INSERT INTO `users` (`id`, `first_name`, `last_name`, `email`, `phone`, `created_at`, `updated_at`) VALUES (137, 'Nicole', 'Lindgren', 'dveum@example.net', '955.821.2579', '1974-10-15 15:32:22', '2007-12-25 02:02:18');
INSERT INTO `users` (`id`, `first_name`, `last_name`, `email`, `phone`, `created_at`, `updated_at`) VALUES (138, 'Desiree', 'Monahan', 'macey.zulauf@example.org', '1-868-369-6273x0543', '2016-01-23 10:18:50', '2003-09-16 11:34:02');
INSERT INTO `users` (`id`, `first_name`, `last_name`, `email`, `phone`, `created_at`, `updated_at`) VALUES (139, 'Steve', 'Wehner', 'collin82@example.net', '+87(3)6460604823', '2009-09-01 02:04:35', '1977-08-16 01:37:09');
INSERT INTO `users` (`id`, `first_name`, `last_name`, `email`, `phone`, `created_at`, `updated_at`) VALUES (140, 'Jayme', 'Thompson', 'ugaylord@example.org', '+56(0)9832552774', '2014-02-16 19:04:45', '2016-07-01 12:30:44');
INSERT INTO `users` (`id`, `first_name`, `last_name`, `email`, `phone`, `created_at`, `updated_at`) VALUES (141, 'Jaleel', 'Effertz', 'weldon66@example.org', '(998)836-5495x0972', '1985-03-14 20:33:19', '1999-10-20 21:59:36');
INSERT INTO `users` (`id`, `first_name`, `last_name`, `email`, `phone`, `created_at`, `updated_at`) VALUES (142, 'Janae', 'Carroll', 'breana.daugherty@example.net', '360.956.0805x67972', '2009-09-28 18:11:49', '1979-04-30 13:17:12');
INSERT INTO `users` (`id`, `first_name`, `last_name`, `email`, `phone`, `created_at`, `updated_at`) VALUES (143, 'Jaydon', 'DuBuque', 'gulgowski.isaias@example.com', '02469745141', '1978-09-04 06:36:12', '1986-06-17 04:50:49');
INSERT INTO `users` (`id`, `first_name`, `last_name`, `email`, `phone`, `created_at`, `updated_at`) VALUES (144, 'Marquis', 'Hand', 'rachael.koss@example.com', '(272)726-8805x4276', '1989-09-19 23:34:31', '2004-07-08 07:56:05');
INSERT INTO `users` (`id`, `first_name`, `last_name`, `email`, `phone`, `created_at`, `updated_at`) VALUES (145, 'Rylan', 'Green', 'anita.metz@example.com', '660-560-0266', '1997-10-04 13:18:18', '2010-06-26 17:15:33');
INSERT INTO `users` (`id`, `first_name`, `last_name`, `email`, `phone`, `created_at`, `updated_at`) VALUES (146, 'Charlie', 'Cronin', 'pagac.allan@example.net', '544.393.8359', '2006-12-18 09:50:45', '2017-10-26 06:45:57');
INSERT INTO `users` (`id`, `first_name`, `last_name`, `email`, `phone`, `created_at`, `updated_at`) VALUES (147, 'Kiana', 'Barton', 'umosciski@example.org', '1-700-560-9707x58485', '2005-08-06 06:36:00', '2015-09-21 07:14:19');
INSERT INTO `users` (`id`, `first_name`, `last_name`, `email`, `phone`, `created_at`, `updated_at`) VALUES (148, 'Jarod', 'Douglas', 'lauretta16@example.com', '(824)583-5584', '1993-11-05 14:44:47', '2016-10-21 03:10:41');
INSERT INTO `users` (`id`, `first_name`, `last_name`, `email`, `phone`, `created_at`, `updated_at`) VALUES (149, 'Liam', 'Kirlin', 'rasheed04@example.com', '289.320.6450x89977', '1975-04-15 15:43:02', '1994-05-07 20:42:37');
INSERT INTO `users` (`id`, `first_name`, `last_name`, `email`, `phone`, `created_at`, `updated_at`) VALUES (150, 'Hilario', 'Stroman', 'augustus87@example.org', '1-000-518-0604x4735', '2008-06-14 02:03:58', '2003-02-28 22:53:00');


